,0
0,tg_Ng150_Pci0_H0_Wp0_Ph500_Ox24_Ow8.0_Hbt1459.8_Wm12.2_Wr308750.4.jpg
1,tg_Ng120_Pci0_H0_Wp0_Ph500_Ox30_Ow3.0_Hbt1459.8_Wm12.2_Wr308750.4.jpg
2,tg_Ng0_Pci70_H0_Wp0_Ph300_Ox27_Ow5_Hbt1459.8_Wm12.2_Wr308750.4.jpg
3,tg_Ng0_Pci150_H0_Wp0_Ph300_Ox30_Ow9_Hbt1459.8_Wm12.2_Wr308750.4.jpg
4,tg_Ng150_Pci0_H0_Wp0_Ph300_Ox30_Ow6_Hbt1459.8_Wm12.2_Wr308750.4.jpg
5,tg_Ng70_Pci0_H0_Wp0_Ph500_Ox24_Ow6.0_Hbt1459.8_Wm12.2_Wr308750.4.jpg
6,tg_Ng120_Pci0_H0_Wp0_Ph500_Ox24_Ow3.0_Hbt1459.8_Wm12.2_Wr308750.4.jpg
7,tg_Ng120_Pci0_H0_Wp0_Ph400_Ox24_Ow4.0_Hbt1459.8_Wm12.2_Wr308750.4.jpg
8,tg_Ng150_Pci0_H0_Wp0_Ph300_Ox27_Ow5.0_Hbt1485_Wm12.2_Wr308750.4.jpg
9,tg_Ng150_Pci0_H0_Wp0_Ph300_Ox27_Ow3.0_Hbt1485_Wm12.2_Wr308750.4.jpg
10,tg_Ng120_Pci0_H0_Wp0_Ph300_Ox21_Ow5_Hbt1459.8_Wm12.2_Wr308750.4.jpg
11,tg_Ng90_Pci0_H0_Wp0_Ph300_Ox21_Ow5.0_Hbt1410_Wm12.2_Wr308750.4.jpg
12,tg_Ng0_Pci200_H0_Wp0_Ph300_Ox21_Ow4_Hbt1459.8_Wm12.2_Wr308750.4.jpg
13,tg_Ng70_Pci0_H0_Wp0_Ph300_Ox27_Ow5.0_Hbt1485_Wm12.2_Wr308750.4.jpg
14,tg_Ng90_Pci0_H0_Wp0_Ph500_Ox24_Ow6.0_Hbt1459.8_Wm12.2_Wr308750.4.jpg
15,tg_Ng0_Pci200_H0_Wp0_Ph300_Ox24_Ow6_Hbt1459.8_Wm12.2_Wr308750.4.jpg
16,tg_Ng70_Pci0_H0_Wp0_Ph300_Ox21_Ow6.0_Hbt1410_Wm12.2_Wr308750.4.jpg
17,tg_Ng150_Pci0_H0_Wp0_Ph300_Ox24_Ow9_Hbt1459.8_Wm12.2_Wr308750.4.jpg
18,tg_Ng120_Pci0_H0_Wp0_Ph300_Ox24_Ow3.0_Hbt1410_Wm12.2_Wr308750.4.jpg
19,tg_Ng0_Pci38_H0_Wp0_Ph300_Ox27_Ow5_Hbt1459.8_Wm12.2_Wr308750.4.jpg
20,tg_Ng0_Pci90_H0_Wp0_Ph300_Ox21_Ow9_Hbt1459.8_Wm12.2_Wr308750.4.jpg
21,tg_Ng70_Pci0_H0_Wp0_Ph300_Ox24_Ow6.0_Hbt1410_Wm12.2_Wr308750.4.jpg
22,tg_Ng0_Pci150_H0_Wp0_Ph300_Ox24_Ow5_Hbt1459.8_Wm12.2_Wr308750.4.jpg
23,tg_Ng90_Pci0_H0_Wp0_Ph300_Ox24_Ow4_Hbt1459.8_Wm12.2_Wr308750.4.jpg
24,tg_Ng0_Pci38_H0_Wp0_Ph300_Ox21_Ow7_Hbt1459.8_Wm12.2_Wr308750.4.jpg
25,tg_Ng120_Pci80_H0_Wp0_Ph300_Ox27_Ow6_Hbt1459.8_Wm12.2_Wr308750.4.jpg
26,tg_Ng200_Pci50_H0_Wp0_Ph300_Ox30_Ow3_Hbt1459.8_Wm12.2_Wr308750.4.jpg
27,tg_Ng70_Pci0_H0_Wp0_Ph300_Ox24_Ow6.0_Hbt1485_Wm12.2_Wr308750.4.jpg
28,tg_Ng150_Pci0_H0_Wp0_Ph400_Ox24_Ow9.0_Hbt1459.8_Wm12.2_Wr308750.4.jpg
29,tg_Ng0_Pci70_H0_Wp0_Ph300_Ox21_Ow5_Hbt1459.8_Wm12.2_Wr308750.4.jpg
30,tg_Ng150_Pci0_H0_Wp0_Ph300_Ox24_Ow5.0_Hbt1410_Wm12.2_Wr308750.4.jpg
31,tg_Ng0_Pci175_H0_Wp0_Ph300_Ox30_Ow9_Hbt1459.8_Wm12.2_Wr308750.4.jpg
32,tg_Ng90_Pci0_H0_Wp0_Ph300_Ox30_Ow8.0_Hbt1410_Wm12.2_Wr308750.4.jpg
33,tg_Ng150_Pci0_H0_Wp0_Ph300_Ox24_Ow6.0_Hbt1485_Wm12.2_Wr308750.4.jpg
34,tg_Ng70_Pci0_H0_Wp0_Ph300_Ox27_Ow8.0_Hbt1485_Wm12.2_Wr308750.4.jpg
35,tg_Ng0_Pci90_H0_Wp0_Ph300_Ox30_Ow6_Hbt1459.8_Wm12.2_Wr308750.4.jpg
36,tg_Ng37.9_Pci0_H0_Wp0_Ph300_Ox21_Ow8_Hbt1459.8_Wm12.2_Wr308750.4.jpg
37,tg_Ng0_Pci38_H0_Wp0_Ph300_Ox24_Ow3_Hbt1459.8_Wm12.2_Wr308750.4.jpg
38,tg_Ng90_Pci0_H0_Wp0_Ph300_Ox30_Ow4.0_Hbt1410_Wm12.2_Wr308750.4.jpg
39,tg_Ng37.9_Pci0_H0_Wp0_Ph400_Ox27_Ow4_Hbt1459.8_Wm12.2_Wr308750.4.jpg
40,tg_Ng37.9_Pci0_H0_Wp0_Ph500_Ox21_Ow6_Hbt1459.8_Wm12.2_Wr308750.4.jpg
41,tg_Ng0_Pci175_H0_Wp0_Ph300_Ox24_Ow8_Hbt1459.8_Wm12.2_Wr308750.4.jpg
42,tg_Ng120_Pci30_H0_Wp0_Ph300_Ox25_Ow9_Hbt1459.8_Wm12.2_Wr308750.4.jpg
43,tg_Ng38_Pci0_H0_Wp0_Ph300_Ox24_Ow4.0_Hbt1410_Wm12.2_Wr308750.4.jpg
44,tg_Ng120_Pci0_H0_Wp0_Ph300_Ox27_Ow6.0_Hbt1485_Wm12.2_Wr308750.4.jpg
45,tg_Ng0_Pci90_H0_Wp0_Ph300_Ox21_Ow5_Hbt1459.8_Wm12.2_Wr308750.4.jpg
46,tg_Ng70_Pci0_H0_Wp0_Ph300_Ox27_Ow3.0_Hbt1410_Wm12.2_Wr308750.4.jpg
47,tg_Ng10_Pci40_H0_Wp0_Ph300_Ox21_Ow5_Hbt1459.8_Wm12.2_Wr308750.4.jpg
48,tg_Ng40_Pci60_H0_Wp0_Ph300_Ox23_Ow4_Hbt1459.8_Wm12.2_Wr308750.4.jpg
49,tg_Ng38_Pci0_H0_Wp0_Ph300_Ox24_Ow5.0_Hbt1485_Wm12.2_Wr308750.4.jpg
50,tg_Ng0_Pci38_H0_Wp0_Ph300_Ox27_Ow7_Hbt1459.8_Wm12.2_Wr308750.4.jpg
51,tg_Ng10_Pci40_H0_Wp0_Ph300_Ox21_Ow9_Hbt1459.8_Wm12.2_Wr308750.4.jpg
52,tg_Ng0_Pci90_H0_Wp0_Ph300_Ox24_Ow3_Hbt1459.8_Wm12.2_Wr308750.4.jpg
53,tg_Ng90_Pci0_H0_Wp0_Ph300_Ox27_Ow7.0_Hbt1485_Wm12.2_Wr308750.4.jpg
54,tg_Ng120_Pci0_H0_Wp0_Ph300_Ox24_Ow9.0_Hbt1410_Wm12.2_Wr308750.4.jpg
55,tg_Ng10_Pci40_H0_Wp0_Ph300_Ox21_Ow6_Hbt1459.8_Wm12.2_Wr308750.4.jpg
56,tg_Ng0_Pci38_H0_Wp0_Ph300_Ox27_Ow3_Hbt1459.8_Wm12.2_Wr308750.4.jpg
57,tg_Ng37.9_Pci0_H0_Wp0_Ph400_Ox21_Ow4_Hbt1459.8_Wm12.2_Wr308750.4.jpg
58,tg_Ng150_Pci0_H0_Wp0_Ph300_Ox24_Ow8.0_Hbt1485_Wm12.2_Wr308750.4.jpg
59,tg_Ng37.9_Pci0_H0_Wp0_Ph400_Ox21_Ow5_Hbt1459.8_Wm12.2_Wr308750.4.jpg
60,tg_Ng0_Pci175_H0_Wp0_Ph300_Ox30_Ow8_Hbt1459.8_Wm12.2_Wr308750.4.jpg
61,tg_Ng70_Pci0_H0_Wp0_Ph300_Ox27_Ow3.0_Hbt1485_Wm12.2_Wr308750.4.jpg
62,tg_Ng160_Pci40_H0_Wp0_Ph300_Ox27_Ow9_Hbt1459.8_Wm12.2_Wr308750.4.jpg
63,tg_Ng120_Pci0_H0_Wp0_Ph300_Ox24_Ow4_Hbt1459.8_Wm12.2_Wr308750.4.jpg
64,tg_Ng90_Pci0_H0_Wp0_Ph300_Ox21_Ow7.0_Hbt1485_Wm12.2_Wr308750.4.jpg
65,tg_Ng0_Pci70_H0_Wp0_Ph300_Ox30_Ow3_Hbt1459.8_Wm12.2_Wr308750.4.jpg
66,tg_Ng70_Pci0_H0_Wp0_Ph400_Ox30_Ow6.0_Hbt1459.8_Wm12.2_Wr308750.4.jpg
67,tg_Ng70_Pci0_H0_Wp0_Ph300_Ox30_Ow7_Hbt1459.8_Wm12.2_Wr308750.4.jpg
68,tg_Ng0_Pci200_H0_Wp0_Ph300_Ox24_Ow8_Hbt1459.8_Wm12.2_Wr308750.4.jpg
69,tg_Ng90_Pci0_H0_Wp0_Ph300_Ox21_Ow5_Hbt1459.8_Wm12.2_Wr308750.4.jpg
70,tg_Ng150_Pci0_H0_Wp0_Ph300_Ox30_Ow4_Hbt1459.8_Wm12.2_Wr308750.4.jpg
71,tg_Ng0_Pci38_H0_Wp0_Ph300_Ox30_Ow3_Hbt1459.8_Wm12.2_Wr308750.4.jpg
72,tg_Ng38_Pci0_H0_Wp0_Ph300_Ox27_Ow6.0_Hbt1410_Wm12.2_Wr308750.4.jpg
73,tg_Ng150_Pci0_H0_Wp0_Ph300_Ox27_Ow7.0_Hbt1485_Wm12.2_Wr308750.4.jpg
74,tg_Ng70_Pci0_H0_Wp0_Ph300_Ox21_Ow8.0_Hbt1485_Wm12.2_Wr308750.4.jpg
75,tg_Ng0_Pci90_H0_Wp0_Ph300_Ox24_Ow8_Hbt1459.8_Wm12.2_Wr308750.4.jpg
76,tg_Ng90_Pci0_H0_Wp0_Ph300_Ox24_Ow6.0_Hbt1485_Wm12.2_Wr308750.4.jpg
77,tg_Ng0_Pci38_H0_Wp0_Ph300_Ox21_Ow4_Hbt1459.8_Wm12.2_Wr308750.4.jpg
78,tg_Ng60_Pci90_H0_Wp0_Ph300_Ox25_Ow6_Hbt1459.8_Wm12.2_Wr308750.4.jpg
79,tg_Ng90_Pci0_H0_Wp0_Ph300_Ox27_Ow5.0_Hbt1410_Wm12.2_Wr308750.4.jpg
80,tg_Ng37.9_Pci0_H0_Wp0_Ph500_Ox21_Ow4_Hbt1459.8_Wm12.2_Wr308750.4.jpg
81,tg_Ng0_Pci150_H0_Wp0_Ph300_Ox24_Ow6_Hbt1459.8_Wm12.2_Wr308750.4.jpg
82,tg_Ng40_Pci160_H0_Wp0_Ph300_Ox27_Ow6_Hbt1459.8_Wm12.2_Wr308750.4.jpg
83,tg_Ng38_Pci0_H0_Wp0_Ph300_Ox21_Ow9.0_Hbt1410_Wm12.2_Wr308750.4.jpg
84,tg_Ng37.9_Pci0_H0_Wp0_Ph300_Ox30_Ow4_Hbt1459.8_Wm12.2_Wr308750.4.jpg
85,tg_Ng90_Pci0_H0_Wp0_Ph300_Ox24_Ow5.0_Hbt1410_Wm12.2_Wr308750.4.jpg
86,tg_Ng90_Pci0_H0_Wp0_Ph300_Ox27_Ow3.0_Hbt1410_Wm12.2_Wr308750.4.jpg
87,tg_Ng90_Pci0_H0_Wp0_Ph300_Ox24_Ow9.0_Hbt1410_Wm12.2_Wr308750.4.jpg
88,tg_Ng70_Pci0_H0_Wp0_Ph300_Ox21_Ow5.0_Hbt1410_Wm12.2_Wr308750.4.jpg
89,tg_Ng0_Pci124_H0_Wp0_Ph300_Ox21_Ow7_Hbt1459.8_Wm12.2_Wr308750.4.jpg
90,tg_Ng90_Pci0_H0_Wp0_Ph400_Ox24_Ow9.0_Hbt1459.8_Wm12.2_Wr308750.4.jpg
91,tg_Ng70_Pci0_H0_Wp0_Ph300_Ox30_Ow3_Hbt1459.8_Wm12.2_Wr308750.4.jpg
92,tg_Ng120_Pci0_H0_Wp0_Ph300_Ox27_Ow3.0_Hbt1410_Wm12.2_Wr308750.4.jpg
93,tg_Ng37.9_Pci0_H0_Wp0_Ph400_Ox30_Ow8.0_Hbt1459.8_Wm12.2_Wr308750.4.jpg
94,tg_Ng120_Pci0_H0_Wp0_Ph300_Ox27_Ow9_Hbt1459.8_Wm12.2_Wr308750.4.jpg
95,tg_Ng120_Pci0_H0_Wp0_Ph300_Ox30_Ow6.0_Hbt1410_Wm12.2_Wr308750.4.jpg
96,tg_Ng150_Pci0_H0_Wp0_Ph500_Ox27_Ow7_Hbt1459.8_Wm12.2_Wr308750.4.jpg
97,tg_Ng90_Pci0_H0_Wp0_Ph400_Ox30_Ow6.0_Hbt1459.8_Wm12.2_Wr308750.4.jpg
98,tg_Ng0_Pci90_H0_Wp0_Ph300_Ox21_Ow6_Hbt1459.8_Wm12.2_Wr308750.4.jpg
99,tg_Ng120_Pci0_H0_Wp0_Ph300_Ox27_Ow7_Hbt1459.8_Wm12.2_Wr308750.4.jpg
100,tg_Ng0_Pci70_H0_Wp0_Ph300_Ox24_Ow3_Hbt1459.8_Wm12.2_Wr308750.4.jpg
101,tg_Ng37.9_Pci0_H0_Wp0_Ph300_Ox21_Ow3_Hbt1459.8_Wm12.2_Wr308750.4.jpg
102,tg_Ng160_Pci40_H0_Wp0_Ph300_Ox27_Ow3_Hbt1459.8_Wm12.2_Wr308750.4.jpg
103,tg_Ng150_Pci0_H0_Wp0_Ph500_Ox21_Ow7_Hbt1459.8_Wm12.2_Wr308750.4.jpg
104,tg_Ng120_Pci0_H0_Wp0_Ph300_Ox24_Ow3_Hbt1459.8_Wm12.2_Wr308750.4.jpg
105,tg_Ng0_Pci150_H0_Wp0_Ph300_Ox30_Ow5_Hbt1459.8_Wm12.2_Wr308750.4.jpg
106,tg_Ng80_Pci20_H0_Wp0_Ph300_Ox23_Ow6_Hbt1459.8_Wm12.2_Wr308750.4.jpg
107,tg_Ng90_Pci0_H0_Wp0_Ph300_Ox24_Ow8.0_Hbt1410_Wm12.2_Wr308750.4.jpg
108,tg_Ng120_Pci30_H0_Wp0_Ph300_Ox25_Ow3_Hbt1459.8_Wm12.2_Wr308750.4.jpg
109,tg_Ng0_Pci90_H0_Wp0_Ph300_Ox27_Ow5_Hbt1459.8_Wm12.2_Wr308750.4.jpg
110,tg_Ng0_Pci175_H0_Wp0_Ph300_Ox24_Ow6_Hbt1459.8_Wm12.2_Wr308750.4.jpg
111,tg_Ng90_Pci0_H0_Wp0_Ph300_Ox27_Ow8.0_Hbt1485_Wm12.2_Wr308750.4.jpg
112,tg_Ng0_Pci38_H0_Wp0_Ph300_Ox24_Ow8_Hbt1459.8_Wm12.2_Wr308750.4.jpg
113,tg_Ng0_Pci200_H0_Wp0_Ph300_Ox27_Ow5_Hbt1459.8_Wm12.2_Wr308750.4.jpg
114,tg_Ng0_Pci150_H0_Wp0_Ph300_Ox21_Ow5_Hbt1459.8_Wm12.2_Wr308750.4.jpg
115,tg_Ng120_Pci0_H0_Wp0_Ph300_Ox27_Ow7.0_Hbt1485_Wm12.2_Wr308750.4.jpg
116,tg_Ng30_Pci20_H0_Wp0_Ph300_Ox21_Ow6_Hbt1459.8_Wm12.2_Wr308750.4.jpg
117,tg_Ng0_Pci38_H0_Wp0_Ph300_Ox21_Ow5_Hbt1459.8_Wm12.2_Wr308750.4.jpg
118,tg_Ng150_Pci0_H0_Wp0_Ph500_Ox30_Ow5.0_Hbt1459.8_Wm12.2_Wr308750.4.jpg
119,tg_Ng200_Pci50_H0_Wp0_Ph300_Ox30_Ow9_Hbt1459.8_Wm12.2_Wr308750.4.jpg
120,tg_Ng150_Pci0_H0_Wp0_Ph500_Ox30_Ow8.0_Hbt1459.8_Wm12.2_Wr308750.4.jpg
121,tg_Ng50_Pci200_H0_Wp0_Ph300_Ox30_Ow6_Hbt1459.8_Wm12.2_Wr308750.4.jpg
122,tg_Ng37.9_Pci0_H0_Wp0_Ph500_Ox24_Ow3.0_Hbt1459.8_Wm12.2_Wr308750.4.jpg
123,tg_Ng100_Pci150_H0_Wp0_Ph300_Ox30_Ow3_Hbt1459.8_Wm12.2_Wr308750.4.jpg
124,tg_Ng200_Pci50_H0_Wp0_Ph300_Ox30_Ow8_Hbt1459.8_Wm12.2_Wr308750.4.jpg
125,tg_Ng38_Pci0_H0_Wp0_Ph300_Ox24_Ow7.0_Hbt1485_Wm12.2_Wr308750.4.jpg
126,tg_Ng0_Pci124_H0_Wp0_Ph300_Ox30_Ow4_Hbt1459.8_Wm12.2_Wr308750.4.jpg
127,tg_Ng90_Pci0_H0_Wp0_Ph300_Ox27_Ow5_Hbt1459.8_Wm12.2_Wr308750.4.jpg
128,tg_Ng80_Pci120_H0_Wp0_Ph300_Ox27_Ow5_Hbt1459.8_Wm12.2_Wr308750.4.jpg
129,tg_Ng90_Pci0_H0_Wp0_Ph500_Ox30_Ow5.0_Hbt1459.8_Wm12.2_Wr308750.4.jpg
130,tg_Ng37.9_Pci0_H0_Wp0_Ph400_Ox21_Ow7_Hbt1459.8_Wm12.2_Wr308750.4.jpg
131,tg_Ng60_Pci40_H0_Wp0_Ph300_Ox23_Ow5_Hbt1459.8_Wm12.2_Wr308750.4.jpg
132,tg_Ng40_Pci10_H0_Wp0_Ph300_Ox21_Ow8_Hbt1459.8_Wm12.2_Wr308750.4.jpg
133,tg_Ng90_Pci0_H0_Wp0_Ph400_Ox30_Ow3.0_Hbt1459.8_Wm12.2_Wr308750.4.jpg
134,tg_Ng0_Pci38_H0_Wp0_Ph300_Ox30_Ow9_Hbt1459.8_Wm12.2_Wr308750.4.jpg
135,tg_Ng38_Pci0_H0_Wp0_Ph300_Ox27_Ow6.0_Hbt1485_Wm12.2_Wr308750.4.jpg
136,tg_Ng0_Pci90_H0_Wp0_Ph300_Ox30_Ow8_Hbt1459.8_Wm12.2_Wr308750.4.jpg
137,tg_Ng150_Pci0_H0_Wp0_Ph400_Ox30_Ow4.0_Hbt1459.8_Wm12.2_Wr308750.4.jpg
138,tg_Ng90_Pci0_H0_Wp0_Ph300_Ox21_Ow4_Hbt1459.8_Wm12.2_Wr308750.4.jpg
139,tg_Ng37.9_Pci0_H0_Wp0_Ph400_Ox30_Ow6.0_Hbt1459.8_Wm12.2_Wr308750.4.jpg
140,tg_Ng70_Pci0_H0_Wp0_Ph300_Ox21_Ow9.0_Hbt1410_Wm12.2_Wr308750.4.jpg
141,tg_Ng37.9_Pci0_H0_Wp0_Ph400_Ox24_Ow8.0_Hbt1459.8_Wm12.2_Wr308750.4.jpg
142,tg_Ng120_Pci0_H0_Wp0_Ph300_Ox30_Ow4_Hbt1459.8_Wm12.2_Wr308750.4.jpg
143,tg_Ng0_Pci200_H0_Wp0_Ph300_Ox30_Ow7_Hbt1459.8_Wm12.2_Wr308750.4.jpg
144,tg_Ng37.9_Pci0_H0_Wp0_Ph300_Ox30_Ow3_Hbt1459.8_Wm12.2_Wr308750.4.jpg
145,tg_Ng120_Pci30_H0_Wp0_Ph300_Ox25_Ow4_Hbt1459.8_Wm12.2_Wr308750.4.jpg
146,tg_Ng38_Pci0_H0_Wp0_Ph300_Ox24_Ow4.0_Hbt1485_Wm12.2_Wr308750.4.jpg
147,tg_Ng0_Pci90_H0_Wp0_Ph300_Ox30_Ow4_Hbt1459.8_Wm12.2_Wr308750.4.jpg
148,tg_Ng0_Pci124_H0_Wp0_Ph300_Ox21_Ow3_Hbt1459.8_Wm12.2_Wr308750.4.jpg
149,tg_Ng80_Pci20_H0_Wp0_Ph300_Ox23_Ow3_Hbt1459.8_Wm12.2_Wr308750.4.jpg
150,tg_Ng38_Pci0_H0_Wp0_Ph300_Ox21_Ow7.0_Hbt1410_Wm12.2_Wr308750.4.jpg
151,tg_Ng0_Pci175_H0_Wp0_Ph300_Ox27_Ow7_Hbt1459.8_Wm12.2_Wr308750.4.jpg
152,tg_Ng37.9_Pci0_H0_Wp0_Ph300_Ox27_Ow6_Hbt1459.8_Wm12.2_Wr308750.4.jpg
153,tg_Ng90_Pci0_H0_Wp0_Ph300_Ox27_Ow4_Hbt1459.8_Wm12.2_Wr308750.4.jpg
154,tg_Ng0_Pci38_H0_Wp0_Ph300_Ox21_Ow9_Hbt1459.8_Wm12.2_Wr308750.4.jpg
155,tg_Ng120_Pci0_H0_Wp0_Ph500_Ox30_Ow9.0_Hbt1459.8_Wm12.2_Wr308750.4.jpg
156,tg_Ng70_Pci0_H0_Wp0_Ph300_Ox21_Ow7_Hbt1459.8_Wm12.2_Wr308750.4.jpg
157,tg_Ng90_Pci0_H0_Wp0_Ph300_Ox27_Ow7_Hbt1459.8_Wm12.2_Wr308750.4.jpg
158,tg_Ng90_Pci0_H0_Wp0_Ph300_Ox24_Ow4.0_Hbt1485_Wm12.2_Wr308750.4.jpg
159,tg_Ng150_Pci0_H0_Wp0_Ph300_Ox27_Ow4_Hbt1459.8_Wm12.2_Wr308750.4.jpg
160,tg_Ng20_Pci80_H0_Wp0_Ph300_Ox23_Ow9_Hbt1459.8_Wm12.2_Wr308750.4.jpg
161,tg_Ng70_Pci0_H0_Wp0_Ph300_Ox27_Ow7.0_Hbt1485_Wm12.2_Wr308750.4.jpg
162,tg_Ng70_Pci0_H0_Wp0_Ph400_Ox21_Ow7_Hbt1459.8_Wm12.2_Wr308750.4.jpg
163,tg_Ng37.9_Pci0_H0_Wp0_Ph300_Ox27_Ow5_Hbt1459.8_Wm12.2_Wr308750.4.jpg
164,tg_Ng70_Pci0_H0_Wp0_Ph500_Ox30_Ow8.0_Hbt1459.8_Wm12.2_Wr308750.4.jpg
165,tg_Ng160_Pci40_H0_Wp0_Ph300_Ox27_Ow8_Hbt1459.8_Wm12.2_Wr308750.4.jpg
166,tg_Ng0_Pci38_H0_Wp0_Ph300_Ox27_Ow8_Hbt1459.8_Wm12.2_Wr308750.4.jpg
167,tg_Ng150_Pci0_H0_Wp0_Ph300_Ox30_Ow3_Hbt1459.8_Wm12.2_Wr308750.4.jpg
168,tg_Ng90_Pci0_H0_Wp0_Ph300_Ox30_Ow9.0_Hbt1485_Wm12.2_Wr308750.4.jpg
169,tg_Ng120_Pci0_H0_Wp0_Ph300_Ox30_Ow5_Hbt1459.8_Wm12.2_Wr308750.4.jpg
170,tg_Ng0_Pci175_H0_Wp0_Ph300_Ox30_Ow5_Hbt1459.8_Wm12.2_Wr308750.4.jpg
171,tg_Ng150_Pci0_H0_Wp0_Ph400_Ox27_Ow7_Hbt1459.8_Wm12.2_Wr308750.4.jpg
172,tg_Ng150_Pci0_H0_Wp0_Ph300_Ox30_Ow9_Hbt1459.8_Wm12.2_Wr308750.4.jpg
173,tg_Ng150_Pci0_H0_Wp0_Ph300_Ox27_Ow4.0_Hbt1485_Wm12.2_Wr308750.4.jpg
174,tg_Ng38_Pci0_H0_Wp0_Ph300_Ox21_Ow5.0_Hbt1485_Wm12.2_Wr308750.4.jpg
175,tg_Ng150_Pci0_H0_Wp0_Ph400_Ox30_Ow6.0_Hbt1459.8_Wm12.2_Wr308750.4.jpg
176,tg_Ng0_Pci150_H0_Wp0_Ph300_Ox30_Ow8_Hbt1459.8_Wm12.2_Wr308750.4.jpg
177,tg_Ng120_Pci0_H0_Wp0_Ph300_Ox27_Ow4.0_Hbt1485_Wm12.2_Wr308750.4.jpg
178,tg_Ng0_Pci150_H0_Wp0_Ph300_Ox24_Ow3_Hbt1459.8_Wm12.2_Wr308750.4.jpg
179,tg_Ng38_Pci0_H0_Wp0_Ph300_Ox21_Ow7.0_Hbt1485_Wm12.2_Wr308750.4.jpg
180,tg_Ng90_Pci0_H0_Wp0_Ph300_Ox24_Ow3.0_Hbt1485_Wm12.2_Wr308750.4.jpg
181,tg_Ng60_Pci90_H0_Wp0_Ph300_Ox25_Ow8_Hbt1459.8_Wm12.2_Wr308750.4.jpg
182,tg_Ng90_Pci0_H0_Wp0_Ph400_Ox30_Ow5.0_Hbt1459.8_Wm12.2_Wr308750.4.jpg
183,tg_Ng37.9_Pci0_H0_Wp0_Ph300_Ox30_Ow9_Hbt1459.8_Wm12.2_Wr308750.4.jpg
184,tg_Ng37.9_Pci0_H0_Wp0_Ph300_Ox27_Ow3_Hbt1459.8_Wm12.2_Wr308750.4.jpg
185,tg_Ng0_Pci70_H0_Wp0_Ph300_Ox27_Ow9_Hbt1459.8_Wm12.2_Wr308750.4.jpg
186,tg_Ng0_Pci124_H0_Wp0_Ph300_Ox24_Ow9_Hbt1459.8_Wm12.2_Wr308750.4.jpg
187,tg_Ng120_Pci0_H0_Wp0_Ph300_Ox30_Ow4.0_Hbt1485_Wm12.2_Wr308750.4.jpg
188,tg_Ng150_Pci0_H0_Wp0_Ph500_Ox24_Ow5.0_Hbt1459.8_Wm12.2_Wr308750.4.jpg
189,tg_Ng120_Pci0_H0_Wp0_Ph400_Ox24_Ow8.0_Hbt1459.8_Wm12.2_Wr308750.4.jpg
190,tg_Ng0_Pci175_H0_Wp0_Ph300_Ox21_Ow4_Hbt1459.8_Wm12.2_Wr308750.4.jpg
191,tg_Ng0_Pci38_H0_Wp0_Ph300_Ox24_Ow6_Hbt1459.8_Wm12.2_Wr308750.4.jpg
192,tg_Ng40_Pci60_H0_Wp0_Ph300_Ox23_Ow3_Hbt1459.8_Wm12.2_Wr308750.4.jpg
193,tg_Ng0_Pci90_H0_Wp0_Ph300_Ox24_Ow7_Hbt1459.8_Wm12.2_Wr308750.4.jpg
194,tg_Ng0_Pci90_H0_Wp0_Ph300_Ox24_Ow9_Hbt1459.8_Wm12.2_Wr308750.4.jpg
195,tg_Ng120_Pci0_H0_Wp0_Ph500_Ox30_Ow6.0_Hbt1459.8_Wm12.2_Wr308750.4.jpg
196,tg_Ng150_Pci100_H0_Wp0_Ph300_Ox30_Ow8_Hbt1459.8_Wm12.2_Wr308750.4.jpg
197,tg_Ng0_Pci70_H0_Wp0_Ph300_Ox24_Ow5_Hbt1459.8_Wm12.2_Wr308750.4.jpg
198,tg_Ng0_Pci70_H0_Wp0_Ph300_Ox27_Ow4_Hbt1459.8_Wm12.2_Wr308750.4.jpg
199,tg_Ng200_Pci50_H0_Wp0_Ph300_Ox30_Ow6_Hbt1459.8_Wm12.2_Wr308750.4.jpg
200,tg_Ng150_Pci0_H0_Wp0_Ph300_Ox21_Ow3_Hbt1459.8_Wm12.2_Wr308750.4.jpg
201,tg_Ng0_Pci38_H0_Wp0_Ph300_Ox27_Ow4_Hbt1459.8_Wm12.2_Wr308750.4.jpg
202,tg_Ng120_Pci0_H0_Wp0_Ph300_Ox24_Ow6.0_Hbt1410_Wm12.2_Wr308750.4.jpg
203,tg_Ng120_Pci0_H0_Wp0_Ph300_Ox27_Ow6.0_Hbt1410_Wm12.2_Wr308750.4.jpg
204,tg_Ng70_Pci0_H0_Wp0_Ph300_Ox30_Ow8_Hbt1459.8_Wm12.2_Wr308750.4.jpg
205,tg_Ng30_Pci20_H0_Wp0_Ph300_Ox21_Ow3_Hbt1459.8_Wm12.2_Wr308750.4.jpg
206,tg_Ng120_Pci30_H0_Wp0_Ph300_Ox25_Ow5_Hbt1459.8_Wm12.2_Wr308750.4.jpg
207,tg_Ng0_Pci150_H0_Wp0_Ph300_Ox24_Ow8_Hbt1459.8_Wm12.2_Wr308750.4.jpg
208,tg_Ng38_Pci0_H0_Wp0_Ph300_Ox21_Ow8.0_Hbt1485_Wm12.2_Wr308750.4.jpg
209,tg_Ng38_Pci0_H0_Wp0_Ph300_Ox27_Ow8.0_Hbt1410_Wm12.2_Wr308750.4.jpg
210,tg_Ng0_Pci90_H0_Wp0_Ph300_Ox27_Ow7_Hbt1459.8_Wm12.2_Wr308750.4.jpg
211,tg_Ng37.9_Pci0_H0_Wp0_Ph300_Ox27_Ow9_Hbt1459.8_Wm12.2_Wr308750.4.jpg
212,tg_Ng160_Pci40_H0_Wp0_Ph300_Ox27_Ow5_Hbt1459.8_Wm12.2_Wr308750.4.jpg
213,tg_Ng70_Pci0_H0_Wp0_Ph300_Ox30_Ow4_Hbt1459.8_Wm12.2_Wr308750.4.jpg
214,tg_Ng160_Pci40_H0_Wp0_Ph300_Ox27_Ow6_Hbt1459.8_Wm12.2_Wr308750.4.jpg
215,tg_Ng150_Pci0_H0_Wp0_Ph300_Ox30_Ow4.0_Hbt1410_Wm12.2_Wr308750.4.jpg
216,tg_Ng120_Pci0_H0_Wp0_Ph300_Ox21_Ow8_Hbt1459.8_Wm12.2_Wr308750.4.jpg
217,tg_Ng70_Pci0_H0_Wp0_Ph300_Ox21_Ow9_Hbt1459.8_Wm12.2_Wr308750.4.jpg
218,tg_Ng120_Pci0_H0_Wp0_Ph300_Ox27_Ow4.0_Hbt1410_Wm12.2_Wr308750.4.jpg
219,tg_Ng0_Pci175_H0_Wp0_Ph300_Ox21_Ow3_Hbt1459.8_Wm12.2_Wr308750.4.jpg
220,tg_Ng10_Pci40_H0_Wp0_Ph300_Ox21_Ow3_Hbt1459.8_Wm12.2_Wr308750.4.jpg
221,tg_Ng80_Pci20_H0_Wp0_Ph300_Ox23_Ow8_Hbt1459.8_Wm12.2_Wr308750.4.jpg
222,tg_Ng150_Pci0_H0_Wp0_Ph300_Ox21_Ow7_Hbt1459.8_Wm12.2_Wr308750.4.jpg
223,tg_Ng0_Pci124_H0_Wp0_Ph300_Ox24_Ow5_Hbt1459.8_Wm12.2_Wr308750.4.jpg
224,tg_Ng150_Pci0_H0_Wp0_Ph500_Ox24_Ow6.0_Hbt1459.8_Wm12.2_Wr308750.4.jpg
225,tg_Ng0_Pci200_H0_Wp0_Ph300_Ox21_Ow8_Hbt1459.8_Wm12.2_Wr308750.4.jpg
226,tg_Ng120_Pci0_H0_Wp0_Ph300_Ox27_Ow7.0_Hbt1410_Wm12.2_Wr308750.4.jpg
227,tg_Ng90_Pci0_H0_Wp0_Ph300_Ox30_Ow3.0_Hbt1410_Wm12.2_Wr308750.4.jpg
228,tg_Ng0_Pci200_H0_Wp0_Ph300_Ox27_Ow6_Hbt1459.8_Wm12.2_Wr308750.4.jpg
229,tg_Ng90_Pci0_H0_Wp0_Ph400_Ox30_Ow8.0_Hbt1459.8_Wm12.2_Wr308750.4.jpg
230,tg_Ng40_Pci60_H0_Wp0_Ph300_Ox23_Ow9_Hbt1459.8_Wm12.2_Wr308750.4.jpg
231,tg_Ng30_Pci120_H0_Wp0_Ph300_Ox25_Ow6_Hbt1459.8_Wm12.2_Wr308750.4.jpg
232,tg_Ng38_Pci0_H0_Wp0_Ph300_Ox24_Ow9.0_Hbt1485_Wm12.2_Wr308750.4.jpg
233,tg_Ng70_Pci0_H0_Wp0_Ph300_Ox24_Ow6_Hbt1459.8_Wm12.2_Wr308750.4.jpg
234,tg_Ng150_Pci0_H0_Wp0_Ph300_Ox27_Ow7.0_Hbt1410_Wm12.2_Wr308750.4.jpg
235,tg_Ng70_Pci0_H0_Wp0_Ph300_Ox24_Ow4.0_Hbt1410_Wm12.2_Wr308750.4.jpg
236,tg_Ng0_Pci38_H0_Wp0_Ph300_Ox27_Ow6_Hbt1459.8_Wm12.2_Wr308750.4.jpg
237,tg_Ng37.9_Pci0_H0_Wp0_Ph400_Ox30_Ow9.0_Hbt1459.8_Wm12.2_Wr308750.4.jpg
238,tg_Ng80_Pci20_H0_Wp0_Ph300_Ox23_Ow5_Hbt1459.8_Wm12.2_Wr308750.4.jpg
239,tg_Ng0_Pci124_H0_Wp0_Ph300_Ox27_Ow4_Hbt1459.8_Wm12.2_Wr308750.4.jpg
240,tg_Ng120_Pci80_H0_Wp0_Ph300_Ox27_Ow3_Hbt1459.8_Wm12.2_Wr308750.4.jpg
241,tg_Ng0_Pci90_H0_Wp0_Ph300_Ox30_Ow9_Hbt1459.8_Wm12.2_Wr308750.4.jpg
242,tg_Ng37.9_Pci0_H0_Wp0_Ph500_Ox27_Ow7_Hbt1459.8_Wm12.2_Wr308750.4.jpg
243,tg_Ng150_Pci100_H0_Wp0_Ph300_Ox30_Ow5_Hbt1459.8_Wm12.2_Wr308750.4.jpg
244,tg_Ng200_Pci50_H0_Wp0_Ph300_Ox30_Ow5_Hbt1459.8_Wm12.2_Wr308750.4.jpg
245,tg_Ng120_Pci0_H0_Wp0_Ph300_Ox27_Ow5_Hbt1459.8_Wm12.2_Wr308750.4.jpg
246,tg_Ng150_Pci0_H0_Wp0_Ph400_Ox24_Ow8.0_Hbt1459.8_Wm12.2_Wr308750.4.jpg
247,tg_Ng120_Pci0_H0_Wp0_Ph300_Ox24_Ow5.0_Hbt1410_Wm12.2_Wr308750.4.jpg
248,tg_Ng120_Pci0_H0_Wp0_Ph300_Ox30_Ow9.0_Hbt1485_Wm12.2_Wr308750.4.jpg
249,tg_Ng0_Pci38_H0_Wp0_Ph300_Ox24_Ow9_Hbt1459.8_Wm12.2_Wr308750.4.jpg
250,tg_Ng70_Pci0_H0_Wp0_Ph300_Ox27_Ow9.0_Hbt1410_Wm12.2_Wr308750.4.jpg
251,tg_Ng150_Pci0_H0_Wp0_Ph300_Ox24_Ow3.0_Hbt1485_Wm12.2_Wr308750.4.jpg
252,tg_Ng120_Pci0_H0_Wp0_Ph300_Ox30_Ow3.0_Hbt1485_Wm12.2_Wr308750.4.jpg
253,tg_Ng38_Pci0_H0_Wp0_Ph300_Ox21_Ow6.0_Hbt1485_Wm12.2_Wr308750.4.jpg
254,tg_Ng70_Pci0_H0_Wp0_Ph300_Ox24_Ow7.0_Hbt1485_Wm12.2_Wr308750.4.jpg
255,tg_Ng150_Pci0_H0_Wp0_Ph300_Ox30_Ow5.0_Hbt1485_Wm12.2_Wr308750.4.jpg
256,tg_Ng150_Pci0_H0_Wp0_Ph500_Ox30_Ow9.0_Hbt1459.8_Wm12.2_Wr308750.4.jpg
257,tg_Ng37.9_Pci0_H0_Wp0_Ph300_Ox30_Ow6_Hbt1459.8_Wm12.2_Wr308750.4.jpg
258,tg_Ng30_Pci20_H0_Wp0_Ph300_Ox21_Ow5_Hbt1459.8_Wm12.2_Wr308750.4.jpg
259,tg_Ng90_Pci0_H0_Wp0_Ph400_Ox30_Ow4.0_Hbt1459.8_Wm12.2_Wr308750.4.jpg
260,tg_Ng0_Pci90_H0_Wp0_Ph300_Ox30_Ow3_Hbt1459.8_Wm12.2_Wr308750.4.jpg
261,tg_Ng70_Pci0_H0_Wp0_Ph300_Ox21_Ow3.0_Hbt1485_Wm12.2_Wr308750.4.jpg
262,tg_Ng60_Pci40_H0_Wp0_Ph300_Ox23_Ow4_Hbt1459.8_Wm12.2_Wr308750.4.jpg
263,tg_Ng37.9_Pci0_H0_Wp0_Ph500_Ox21_Ow9_Hbt1459.8_Wm12.2_Wr308750.4.jpg
264,tg_Ng120_Pci0_H0_Wp0_Ph300_Ox27_Ow8.0_Hbt1485_Wm12.2_Wr308750.4.jpg
265,tg_Ng0_Pci200_H0_Wp0_Ph300_Ox24_Ow4_Hbt1459.8_Wm12.2_Wr308750.4.jpg
266,tg_Ng90_Pci0_H0_Wp0_Ph300_Ox27_Ow9.0_Hbt1485_Wm12.2_Wr308750.4.jpg
267,tg_Ng60_Pci40_H0_Wp0_Ph300_Ox23_Ow6_Hbt1459.8_Wm12.2_Wr308750.4.jpg
268,tg_Ng37.9_Pci0_H0_Wp0_Ph300_Ox21_Ow4_Hbt1459.8_Wm12.2_Wr308750.4.jpg
269,tg_Ng0_Pci200_H0_Wp0_Ph300_Ox30_Ow9_Hbt1459.8_Wm12.2_Wr308750.4.jpg
270,tg_Ng90_Pci0_H0_Wp0_Ph300_Ox27_Ow7.0_Hbt1410_Wm12.2_Wr308750.4.jpg
271,tg_Ng90_Pci0_H0_Wp0_Ph300_Ox30_Ow3.0_Hbt1485_Wm12.2_Wr308750.4.jpg
272,tg_Ng60_Pci40_H0_Wp0_Ph300_Ox23_Ow8_Hbt1459.8_Wm12.2_Wr308750.4.jpg
273,tg_Ng0_Pci124_H0_Wp0_Ph300_Ox30_Ow9_Hbt1459.8_Wm12.2_Wr308750.4.jpg
274,tg_Ng0_Pci150_H0_Wp0_Ph300_Ox27_Ow8_Hbt1459.8_Wm12.2_Wr308750.4.jpg
275,tg_Ng20_Pci80_H0_Wp0_Ph300_Ox23_Ow4_Hbt1459.8_Wm12.2_Wr308750.4.jpg
276,tg_Ng150_Pci0_H0_Wp0_Ph300_Ox21_Ow8_Hbt1459.8_Wm12.2_Wr308750.4.jpg
277,tg_Ng120_Pci0_H0_Wp0_Ph300_Ox27_Ow6_Hbt1459.8_Wm12.2_Wr308750.4.jpg
278,tg_Ng120_Pci0_H0_Wp0_Ph300_Ox21_Ow4_Hbt1459.8_Wm12.2_Wr308750.4.jpg
279,tg_Ng38_Pci0_H0_Wp0_Ph300_Ox21_Ow3.0_Hbt1410_Wm12.2_Wr308750.4.jpg
280,tg_Ng20_Pci80_H0_Wp0_Ph300_Ox23_Ow8_Hbt1459.8_Wm12.2_Wr308750.4.jpg
281,tg_Ng37.9_Pci0_H0_Wp0_Ph500_Ox24_Ow6.0_Hbt1459.8_Wm12.2_Wr308750.4.jpg
282,tg_Ng70_Pci0_H0_Wp0_Ph500_Ox30_Ow4.0_Hbt1459.8_Wm12.2_Wr308750.4.jpg
283,tg_Ng120_Pci0_H0_Wp0_Ph300_Ox30_Ow9_Hbt1459.8_Wm12.2_Wr308750.4.jpg
284,tg_Ng0_Pci38_H0_Wp0_Ph300_Ox24_Ow7_Hbt1459.8_Wm12.2_Wr308750.4.jpg
285,tg_Ng0_Pci150_H0_Wp0_Ph300_Ox24_Ow7_Hbt1459.8_Wm12.2_Wr308750.4.jpg
286,tg_Ng20_Pci30_H0_Wp0_Ph300_Ox21_Ow3_Hbt1459.8_Wm12.2_Wr308750.4.jpg
287,tg_Ng0_Pci70_H0_Wp0_Ph300_Ox21_Ow9_Hbt1459.8_Wm12.2_Wr308750.4.jpg
288,tg_Ng0_Pci38_H0_Wp0_Ph300_Ox30_Ow6_Hbt1459.8_Wm12.2_Wr308750.4.jpg
289,tg_Ng0_Pci38_H0_Wp0_Ph300_Ox21_Ow8_Hbt1459.8_Wm12.2_Wr308750.4.jpg
290,tg_Ng150_Pci0_H0_Wp0_Ph300_Ox24_Ow7_Hbt1459.8_Wm12.2_Wr308750.4.jpg
291,tg_Ng100_Pci150_H0_Wp0_Ph300_Ox30_Ow5_Hbt1459.8_Wm12.2_Wr308750.4.jpg
292,tg_Ng37.9_Pci0_H0_Wp0_Ph500_Ox24_Ow4.0_Hbt1459.8_Wm12.2_Wr308750.4.jpg
293,tg_Ng150_Pci0_H0_Wp0_Ph400_Ox30_Ow3.0_Hbt1459.8_Wm12.2_Wr308750.4.jpg
294,tg_Ng120_Pci0_H0_Wp0_Ph300_Ox30_Ow7.0_Hbt1410_Wm12.2_Wr308750.4.jpg
295,tg_Ng50_Pci200_H0_Wp0_Ph300_Ox30_Ow4_Hbt1459.8_Wm12.2_Wr308750.4.jpg
296,tg_Ng150_Pci0_H0_Wp0_Ph300_Ox21_Ow5_Hbt1459.8_Wm12.2_Wr308750.4.jpg
297,tg_Ng90_Pci0_H0_Wp0_Ph300_Ox21_Ow8_Hbt1459.8_Wm12.2_Wr308750.4.jpg
298,tg_Ng0_Pci175_H0_Wp0_Ph300_Ox27_Ow8_Hbt1459.8_Wm12.2_Wr308750.4.jpg
299,tg_Ng37.9_Pci0_H0_Wp0_Ph500_Ox21_Ow5_Hbt1459.8_Wm12.2_Wr308750.4.jpg
300,tg_Ng0_Pci38_H0_Wp0_Ph300_Ox30_Ow4_Hbt1459.8_Wm12.2_Wr308750.4.jpg
301,tg_Ng150_Pci0_H0_Wp0_Ph300_Ox30_Ow6.0_Hbt1410_Wm12.2_Wr308750.4.jpg
302,tg_Ng120_Pci30_H0_Wp0_Ph300_Ox25_Ow6_Hbt1459.8_Wm12.2_Wr308750.4.jpg
303,tg_Ng37.9_Pci0_H0_Wp0_Ph300_Ox21_Ow6_Hbt1459.8_Wm12.2_Wr308750.4.jpg
304,tg_Ng70_Pci0_H0_Wp0_Ph400_Ox24_Ow8.0_Hbt1459.8_Wm12.2_Wr308750.4.jpg
305,tg_Ng70_Pci0_H0_Wp0_Ph300_Ox27_Ow9.0_Hbt1485_Wm12.2_Wr308750.4.jpg
306,tg_Ng70_Pci0_H0_Wp0_Ph300_Ox30_Ow9_Hbt1459.8_Wm12.2_Wr308750.4.jpg
307,tg_Ng0_Pci200_H0_Wp0_Ph300_Ox30_Ow3_Hbt1459.8_Wm12.2_Wr308750.4.jpg
308,tg_Ng0_Pci124_H0_Wp0_Ph300_Ox27_Ow8_Hbt1459.8_Wm12.2_Wr308750.4.jpg
309,tg_Ng90_Pci60_H0_Wp0_Ph300_Ox25_Ow9_Hbt1459.8_Wm12.2_Wr308750.4.jpg
310,tg_Ng90_Pci0_H0_Wp0_Ph300_Ox21_Ow7.0_Hbt1410_Wm12.2_Wr308750.4.jpg
311,tg_Ng37.9_Pci0_H0_Wp0_Ph400_Ox27_Ow7_Hbt1459.8_Wm12.2_Wr308750.4.jpg
312,tg_Ng70_Pci0_H0_Wp0_Ph300_Ox21_Ow4.0_Hbt1485_Wm12.2_Wr308750.4.jpg
313,tg_Ng120_Pci0_H0_Wp0_Ph500_Ox21_Ow7_Hbt1459.8_Wm12.2_Wr308750.4.jpg
314,tg_Ng90_Pci0_H0_Wp0_Ph300_Ox30_Ow6_Hbt1459.8_Wm12.2_Wr308750.4.jpg
315,tg_Ng80_Pci120_H0_Wp0_Ph300_Ox27_Ow4_Hbt1459.8_Wm12.2_Wr308750.4.jpg
316,tg_Ng38_Pci0_H0_Wp0_Ph300_Ox27_Ow9.0_Hbt1485_Wm12.2_Wr308750.4.jpg
317,tg_Ng0_Pci150_H0_Wp0_Ph300_Ox21_Ow9_Hbt1459.8_Wm12.2_Wr308750.4.jpg
318,tg_Ng150_Pci0_H0_Wp0_Ph300_Ox24_Ow6_Hbt1459.8_Wm12.2_Wr308750.4.jpg
319,tg_Ng90_Pci0_H0_Wp0_Ph300_Ox27_Ow9_Hbt1459.8_Wm12.2_Wr308750.4.jpg
320,tg_Ng0_Pci124_H0_Wp0_Ph300_Ox30_Ow8_Hbt1459.8_Wm12.2_Wr308750.4.jpg
321,tg_Ng100_Pci150_H0_Wp0_Ph300_Ox30_Ow4_Hbt1459.8_Wm12.2_Wr308750.4.jpg
322,tg_Ng37.9_Pci0_H0_Wp0_Ph300_Ox24_Ow3_Hbt1459.8_Wm12.2_Wr308750.4.jpg
323,tg_Ng120_Pci0_H0_Wp0_Ph300_Ox24_Ow8.0_Hbt1410_Wm12.2_Wr308750.4.jpg
324,tg_Ng0_Pci90_H0_Wp0_Ph300_Ox24_Ow6_Hbt1459.8_Wm12.2_Wr308750.4.jpg
325,tg_Ng70_Pci0_H0_Wp0_Ph300_Ox21_Ow5.0_Hbt1485_Wm12.2_Wr308750.4.jpg
326,tg_Ng38_Pci0_H0_Wp0_Ph300_Ox27_Ow4.0_Hbt1485_Wm12.2_Wr308750.4.jpg
327,tg_Ng150_Pci0_H0_Wp0_Ph300_Ox30_Ow3.0_Hbt1410_Wm12.2_Wr308750.4.jpg
328,tg_Ng90_Pci60_H0_Wp0_Ph300_Ox25_Ow6_Hbt1459.8_Wm12.2_Wr308750.4.jpg
329,tg_Ng60_Pci90_H0_Wp0_Ph300_Ox25_Ow3_Hbt1459.8_Wm12.2_Wr308750.4.jpg
330,tg_Ng70_Pci0_H0_Wp0_Ph500_Ox30_Ow5.0_Hbt1459.8_Wm12.2_Wr308750.4.jpg
331,tg_Ng90_Pci0_H0_Wp0_Ph300_Ox24_Ow7.0_Hbt1410_Wm12.2_Wr308750.4.jpg
332,tg_Ng150_Pci0_H0_Wp0_Ph300_Ox27_Ow6.0_Hbt1485_Wm12.2_Wr308750.4.jpg
333,tg_Ng0_Pci150_H0_Wp0_Ph300_Ox27_Ow7_Hbt1459.8_Wm12.2_Wr308750.4.jpg
334,tg_Ng80_Pci120_H0_Wp0_Ph300_Ox27_Ow6_Hbt1459.8_Wm12.2_Wr308750.4.jpg
335,tg_Ng150_Pci0_H0_Wp0_Ph400_Ox30_Ow5.0_Hbt1459.8_Wm12.2_Wr308750.4.jpg
336,tg_Ng70_Pci0_H0_Wp0_Ph400_Ox24_Ow5.0_Hbt1459.8_Wm12.2_Wr308750.4.jpg
337,tg_Ng0_Pci70_H0_Wp0_Ph300_Ox21_Ow4_Hbt1459.8_Wm12.2_Wr308750.4.jpg
338,tg_Ng0_Pci200_H0_Wp0_Ph300_Ox24_Ow5_Hbt1459.8_Wm12.2_Wr308750.4.jpg
339,tg_Ng0_Pci70_H0_Wp0_Ph300_Ox30_Ow6_Hbt1459.8_Wm12.2_Wr308750.4.jpg
340,tg_Ng70_Pci0_H0_Wp0_Ph300_Ox27_Ow7_Hbt1459.8_Wm12.2_Wr308750.4.jpg
341,tg_Ng0_Pci200_H0_Wp0_Ph300_Ox24_Ow3_Hbt1459.8_Wm12.2_Wr308750.4.jpg
342,tg_Ng150_Pci0_H0_Wp0_Ph300_Ox30_Ow6.0_Hbt1485_Wm12.2_Wr308750.4.jpg
343,tg_Ng37.9_Pci0_H0_Wp0_Ph500_Ox30_Ow8.0_Hbt1459.8_Wm12.2_Wr308750.4.jpg
344,tg_Ng38_Pci0_H0_Wp0_Ph300_Ox21_Ow9.0_Hbt1485_Wm12.2_Wr308750.4.jpg
345,tg_Ng90_Pci0_H0_Wp0_Ph400_Ox24_Ow6.0_Hbt1459.8_Wm12.2_Wr308750.4.jpg
346,tg_Ng70_Pci0_H0_Wp0_Ph300_Ox24_Ow9.0_Hbt1410_Wm12.2_Wr308750.4.jpg
347,tg_Ng0_Pci70_H0_Wp0_Ph300_Ox27_Ow8_Hbt1459.8_Wm12.2_Wr308750.4.jpg
348,tg_Ng150_Pci0_H0_Wp0_Ph300_Ox27_Ow8_Hbt1459.8_Wm12.2_Wr308750.4.jpg
349,tg_Ng90_Pci0_H0_Wp0_Ph500_Ox21_Ow7_Hbt1459.8_Wm12.2_Wr308750.4.jpg
350,tg_Ng90_Pci0_H0_Wp0_Ph300_Ox24_Ow9.0_Hbt1485_Wm12.2_Wr308750.4.jpg
351,tg_Ng150_Pci0_H0_Wp0_Ph300_Ox24_Ow4.0_Hbt1485_Wm12.2_Wr308750.4.jpg
352,tg_Ng70_Pci0_H0_Wp0_Ph300_Ox27_Ow6_Hbt1459.8_Wm12.2_Wr308750.4.jpg
353,tg_Ng120_Pci0_H0_Wp0_Ph400_Ox24_Ow3.0_Hbt1459.8_Wm12.2_Wr308750.4.jpg
354,tg_Ng0_Pci38_H0_Wp0_Ph300_Ox27_Ow9_Hbt1459.8_Wm12.2_Wr308750.4.jpg
355,tg_Ng40_Pci160_H0_Wp0_Ph300_Ox27_Ow3_Hbt1459.8_Wm12.2_Wr308750.4.jpg
356,tg_Ng120_Pci0_H0_Wp0_Ph400_Ox21_Ow7_Hbt1459.8_Wm12.2_Wr308750.4.jpg
357,tg_Ng150_Pci0_H0_Wp0_Ph300_Ox27_Ow5.0_Hbt1410_Wm12.2_Wr308750.4.jpg
358,tg_Ng0_Pci70_H0_Wp0_Ph300_Ox27_Ow7_Hbt1459.8_Wm12.2_Wr308750.4.jpg
359,tg_Ng30_Pci20_H0_Wp0_Ph300_Ox21_Ow8_Hbt1459.8_Wm12.2_Wr308750.4.jpg
360,tg_Ng90_Pci0_H0_Wp0_Ph300_Ox30_Ow7_Hbt1459.8_Wm12.2_Wr308750.4.jpg
361,tg_Ng150_Pci0_H0_Wp0_Ph300_Ox30_Ow4.0_Hbt1485_Wm12.2_Wr308750.4.jpg
362,tg_Ng90_Pci0_H0_Wp0_Ph300_Ox30_Ow6.0_Hbt1410_Wm12.2_Wr308750.4.jpg
363,tg_Ng70_Pci0_H0_Wp0_Ph300_Ox24_Ow5.0_Hbt1410_Wm12.2_Wr308750.4.jpg
364,tg_Ng120_Pci0_H0_Wp0_Ph300_Ox27_Ow5.0_Hbt1410_Wm12.2_Wr308750.4.jpg
365,tg_Ng80_Pci20_H0_Wp0_Ph300_Ox23_Ow9_Hbt1459.8_Wm12.2_Wr308750.4.jpg
366,tg_Ng90_Pci0_H0_Wp0_Ph300_Ox21_Ow4.0_Hbt1485_Wm12.2_Wr308750.4.jpg
367,tg_Ng37.9_Pci0_H0_Wp0_Ph400_Ox27_Ow5_Hbt1459.8_Wm12.2_Wr308750.4.jpg
368,tg_Ng120_Pci0_H0_Wp0_Ph300_Ox24_Ow4.0_Hbt1485_Wm12.2_Wr308750.4.jpg
369,tg_Ng70_Pci0_H0_Wp0_Ph300_Ox21_Ow3.0_Hbt1410_Wm12.2_Wr308750.4.jpg
370,tg_Ng90_Pci0_H0_Wp0_Ph300_Ox21_Ow9.0_Hbt1410_Wm12.2_Wr308750.4.jpg
371,tg_Ng20_Pci30_H0_Wp0_Ph300_Ox21_Ow8_Hbt1459.8_Wm12.2_Wr308750.4.jpg
372,tg_Ng120_Pci0_H0_Wp0_Ph500_Ox24_Ow9.0_Hbt1459.8_Wm12.2_Wr308750.4.jpg
373,tg_Ng37.9_Pci0_H0_Wp0_Ph300_Ox30_Ow8_Hbt1459.8_Wm12.2_Wr308750.4.jpg
374,tg_Ng120_Pci0_H0_Wp0_Ph300_Ox24_Ow9_Hbt1459.8_Wm12.2_Wr308750.4.jpg
375,tg_Ng0_Pci124_H0_Wp0_Ph300_Ox30_Ow6_Hbt1459.8_Wm12.2_Wr308750.4.jpg
376,tg_Ng37.9_Pci0_H0_Wp0_Ph400_Ox21_Ow8_Hbt1459.8_Wm12.2_Wr308750.4.jpg
377,tg_Ng90_Pci0_H0_Wp0_Ph400_Ox24_Ow5.0_Hbt1459.8_Wm12.2_Wr308750.4.jpg
378,tg_Ng50_Pci200_H0_Wp0_Ph300_Ox30_Ow5_Hbt1459.8_Wm12.2_Wr308750.4.jpg
379,tg_Ng90_Pci0_H0_Wp0_Ph500_Ox24_Ow3.0_Hbt1459.8_Wm12.2_Wr308750.4.jpg
380,tg_Ng90_Pci0_H0_Wp0_Ph500_Ox30_Ow9.0_Hbt1459.8_Wm12.2_Wr308750.4.jpg
381,tg_Ng70_Pci0_H0_Wp0_Ph400_Ox30_Ow4.0_Hbt1459.8_Wm12.2_Wr308750.4.jpg
382,tg_Ng70_Pci0_H0_Wp0_Ph300_Ox24_Ow3.0_Hbt1410_Wm12.2_Wr308750.4.jpg
383,tg_Ng70_Pci0_H0_Wp0_Ph300_Ox24_Ow9_Hbt1459.8_Wm12.2_Wr308750.4.jpg
384,tg_Ng90_Pci0_H0_Wp0_Ph300_Ox30_Ow7.0_Hbt1410_Wm12.2_Wr308750.4.jpg
385,tg_Ng70_Pci0_H0_Wp0_Ph300_Ox24_Ow4.0_Hbt1485_Wm12.2_Wr308750.4.jpg
386,tg_Ng120_Pci0_H0_Wp0_Ph500_Ox24_Ow8.0_Hbt1459.8_Wm12.2_Wr308750.4.jpg
387,tg_Ng0_Pci90_H0_Wp0_Ph300_Ox21_Ow7_Hbt1459.8_Wm12.2_Wr308750.4.jpg
388,tg_Ng0_Pci200_H0_Wp0_Ph300_Ox21_Ow5_Hbt1459.8_Wm12.2_Wr308750.4.jpg
389,tg_Ng150_Pci0_H0_Wp0_Ph300_Ox27_Ow8.0_Hbt1485_Wm12.2_Wr308750.4.jpg
390,tg_Ng90_Pci60_H0_Wp0_Ph300_Ox25_Ow8_Hbt1459.8_Wm12.2_Wr308750.4.jpg
391,tg_Ng120_Pci0_H0_Wp0_Ph500_Ox30_Ow8.0_Hbt1459.8_Wm12.2_Wr308750.4.jpg
392,tg_Ng70_Pci0_H0_Wp0_Ph300_Ox21_Ow9.0_Hbt1485_Wm12.2_Wr308750.4.jpg
393,tg_Ng150_Pci0_H0_Wp0_Ph300_Ox30_Ow7_Hbt1459.8_Wm12.2_Wr308750.4.jpg
394,tg_Ng0_Pci90_H0_Wp0_Ph300_Ox30_Ow7_Hbt1459.8_Wm12.2_Wr308750.4.jpg
395,tg_Ng70_Pci0_H0_Wp0_Ph400_Ox30_Ow9.0_Hbt1459.8_Wm12.2_Wr308750.4.jpg
396,tg_Ng0_Pci38_H0_Wp0_Ph300_Ox24_Ow5_Hbt1459.8_Wm12.2_Wr308750.4.jpg
397,tg_Ng0_Pci150_H0_Wp0_Ph300_Ox21_Ow3_Hbt1459.8_Wm12.2_Wr308750.4.jpg
398,tg_Ng120_Pci0_H0_Wp0_Ph300_Ox27_Ow3_Hbt1459.8_Wm12.2_Wr308750.4.jpg
399,tg_Ng90_Pci0_H0_Wp0_Ph300_Ox27_Ow5.0_Hbt1485_Wm12.2_Wr308750.4.jpg
400,tg_Ng120_Pci0_H0_Wp0_Ph300_Ox27_Ow5.0_Hbt1485_Wm12.2_Wr308750.4.jpg
401,tg_Ng37.9_Pci0_H0_Wp0_Ph300_Ox30_Ow7_Hbt1459.8_Wm12.2_Wr308750.4.jpg
402,tg_Ng120_Pci0_H0_Wp0_Ph300_Ox21_Ow3_Hbt1459.8_Wm12.2_Wr308750.4.jpg
403,tg_Ng70_Pci0_H0_Wp0_Ph500_Ox24_Ow5.0_Hbt1459.8_Wm12.2_Wr308750.4.jpg
404,tg_Ng80_Pci120_H0_Wp0_Ph300_Ox27_Ow8_Hbt1459.8_Wm12.2_Wr308750.4.jpg
405,tg_Ng37.9_Pci0_H0_Wp0_Ph500_Ox24_Ow8.0_Hbt1459.8_Wm12.2_Wr308750.4.jpg
406,tg_Ng0_Pci200_H0_Wp0_Ph300_Ox21_Ow9_Hbt1459.8_Wm12.2_Wr308750.4.jpg
407,tg_Ng70_Pci0_H0_Wp0_Ph400_Ox30_Ow3.0_Hbt1459.8_Wm12.2_Wr308750.4.jpg
408,tg_Ng120_Pci0_H0_Wp0_Ph300_Ox24_Ow5.0_Hbt1485_Wm12.2_Wr308750.4.jpg
409,tg_Ng0_Pci90_H0_Wp0_Ph300_Ox30_Ow5_Hbt1459.8_Wm12.2_Wr308750.4.jpg
410,tg_Ng37.9_Pci0_H0_Wp0_Ph500_Ox27_Ow9_Hbt1459.8_Wm12.2_Wr308750.4.jpg
411,tg_Ng37.9_Pci0_H0_Wp0_Ph400_Ox24_Ow3.0_Hbt1459.8_Wm12.2_Wr308750.4.jpg
412,tg_Ng90_Pci0_H0_Wp0_Ph300_Ox30_Ow7.0_Hbt1485_Wm12.2_Wr308750.4.jpg
413,tg_Ng0_Pci90_H0_Wp0_Ph300_Ox27_Ow6_Hbt1459.8_Wm12.2_Wr308750.4.jpg
414,tg_Ng70_Pci0_H0_Wp0_Ph300_Ox27_Ow4.0_Hbt1410_Wm12.2_Wr308750.4.jpg
415,tg_Ng70_Pci0_H0_Wp0_Ph300_Ox21_Ow4.0_Hbt1410_Wm12.2_Wr308750.4.jpg
416,tg_Ng90_Pci0_H0_Wp0_Ph300_Ox30_Ow4_Hbt1459.8_Wm12.2_Wr308750.4.jpg
417,tg_Ng38_Pci0_H0_Wp0_Ph300_Ox27_Ow3.0_Hbt1410_Wm12.2_Wr308750.4.jpg
418,tg_Ng70_Pci0_H0_Wp0_Ph300_Ox24_Ow7_Hbt1459.8_Wm12.2_Wr308750.4.jpg
419,tg_Ng0_Pci150_H0_Wp0_Ph300_Ox27_Ow6_Hbt1459.8_Wm12.2_Wr308750.4.jpg
420,tg_Ng90_Pci0_H0_Wp0_Ph300_Ox21_Ow3_Hbt1459.8_Wm12.2_Wr308750.4.jpg
421,tg_Ng90_Pci0_H0_Wp0_Ph300_Ox21_Ow7_Hbt1459.8_Wm12.2_Wr308750.4.jpg
422,tg_Ng120_Pci80_H0_Wp0_Ph300_Ox27_Ow5_Hbt1459.8_Wm12.2_Wr308750.4.jpg
423,tg_Ng70_Pci0_H0_Wp0_Ph300_Ox27_Ow9_Hbt1459.8_Wm12.2_Wr308750.4.jpg
424,tg_Ng0_Pci70_H0_Wp0_Ph300_Ox24_Ow4_Hbt1459.8_Wm12.2_Wr308750.4.jpg
425,tg_Ng90_Pci0_H0_Wp0_Ph500_Ox30_Ow4.0_Hbt1459.8_Wm12.2_Wr308750.4.jpg
426,tg_Ng0_Pci90_H0_Wp0_Ph300_Ox21_Ow3_Hbt1459.8_Wm12.2_Wr308750.4.jpg
427,tg_Ng150_Pci0_H0_Wp0_Ph400_Ox21_Ow7_Hbt1459.8_Wm12.2_Wr308750.4.jpg
428,tg_Ng20_Pci30_H0_Wp0_Ph300_Ox21_Ow4_Hbt1459.8_Wm12.2_Wr308750.4.jpg
429,tg_Ng150_Pci0_H0_Wp0_Ph400_Ox30_Ow9.0_Hbt1459.8_Wm12.2_Wr308750.4.jpg
430,tg_Ng0_Pci175_H0_Wp0_Ph300_Ox21_Ow9_Hbt1459.8_Wm12.2_Wr308750.4.jpg
431,tg_Ng120_Pci0_H0_Wp0_Ph300_Ox30_Ow4.0_Hbt1410_Wm12.2_Wr308750.4.jpg
432,tg_Ng120_Pci0_H0_Wp0_Ph500_Ox30_Ow5.0_Hbt1459.8_Wm12.2_Wr308750.4.jpg
433,tg_Ng0_Pci70_H0_Wp0_Ph300_Ox30_Ow7_Hbt1459.8_Wm12.2_Wr308750.4.jpg
434,tg_Ng37.9_Pci0_H0_Wp0_Ph300_Ox27_Ow7_Hbt1459.8_Wm12.2_Wr308750.4.jpg
435,tg_Ng0_Pci200_H0_Wp0_Ph300_Ox24_Ow9_Hbt1459.8_Wm12.2_Wr308750.4.jpg
436,tg_Ng90_Pci0_H0_Wp0_Ph300_Ox27_Ow4.0_Hbt1485_Wm12.2_Wr308750.4.jpg
437,tg_Ng120_Pci0_H0_Wp0_Ph500_Ox24_Ow5.0_Hbt1459.8_Wm12.2_Wr308750.4.jpg
438,tg_Ng90_Pci0_H0_Wp0_Ph300_Ox24_Ow5_Hbt1459.8_Wm12.2_Wr308750.4.jpg
439,tg_Ng37.9_Pci0_H0_Wp0_Ph400_Ox24_Ow9.0_Hbt1459.8_Wm12.2_Wr308750.4.jpg
440,tg_Ng150_Pci0_H0_Wp0_Ph300_Ox24_Ow9.0_Hbt1485_Wm12.2_Wr308750.4.jpg
441,tg_Ng0_Pci175_H0_Wp0_Ph300_Ox27_Ow6_Hbt1459.8_Wm12.2_Wr308750.4.jpg
442,tg_Ng10_Pci40_H0_Wp0_Ph300_Ox21_Ow8_Hbt1459.8_Wm12.2_Wr308750.4.jpg
443,tg_Ng150_Pci0_H0_Wp0_Ph400_Ox24_Ow3.0_Hbt1459.8_Wm12.2_Wr308750.4.jpg
444,tg_Ng40_Pci160_H0_Wp0_Ph300_Ox27_Ow4_Hbt1459.8_Wm12.2_Wr308750.4.jpg
445,tg_Ng70_Pci0_H0_Wp0_Ph400_Ox24_Ow9.0_Hbt1459.8_Wm12.2_Wr308750.4.jpg
446,tg_Ng0_Pci175_H0_Wp0_Ph300_Ox21_Ow6_Hbt1459.8_Wm12.2_Wr308750.4.jpg
447,tg_Ng0_Pci150_H0_Wp0_Ph300_Ox21_Ow4_Hbt1459.8_Wm12.2_Wr308750.4.jpg
448,tg_Ng0_Pci124_H0_Wp0_Ph300_Ox24_Ow4_Hbt1459.8_Wm12.2_Wr308750.4.jpg
449,tg_Ng150_Pci0_H0_Wp0_Ph500_Ox30_Ow6.0_Hbt1459.8_Wm12.2_Wr308750.4.jpg
450,tg_Ng0_Pci124_H0_Wp0_Ph300_Ox30_Ow5_Hbt1459.8_Wm12.2_Wr308750.4.jpg
451,tg_Ng120_Pci0_H0_Wp0_Ph300_Ox30_Ow6.0_Hbt1485_Wm12.2_Wr308750.4.jpg
452,tg_Ng70_Pci0_H0_Wp0_Ph500_Ox21_Ow7_Hbt1459.8_Wm12.2_Wr308750.4.jpg
453,tg_Ng30_Pci120_H0_Wp0_Ph300_Ox25_Ow4_Hbt1459.8_Wm12.2_Wr308750.4.jpg
454,tg_Ng90_Pci0_H0_Wp0_Ph300_Ox27_Ow6.0_Hbt1410_Wm12.2_Wr308750.4.jpg
455,tg_Ng150_Pci0_H0_Wp0_Ph500_Ox30_Ow3.0_Hbt1459.8_Wm12.2_Wr308750.4.jpg
456,tg_Ng150_Pci0_H0_Wp0_Ph300_Ox27_Ow6.0_Hbt1410_Wm12.2_Wr308750.4.jpg
457,tg_Ng37.9_Pci0_H0_Wp0_Ph500_Ox21_Ow7_Hbt1459.8_Wm12.2_Wr308750.4.jpg
458,tg_Ng20_Pci30_H0_Wp0_Ph300_Ox21_Ow9_Hbt1459.8_Wm12.2_Wr308750.4.jpg
459,tg_Ng150_Pci0_H0_Wp0_Ph500_Ox24_Ow4.0_Hbt1459.8_Wm12.2_Wr308750.4.jpg
460,tg_Ng90_Pci0_H0_Wp0_Ph300_Ox24_Ow5.0_Hbt1485_Wm12.2_Wr308750.4.jpg
461,tg_Ng37.9_Pci0_H0_Wp0_Ph500_Ox30_Ow3.0_Hbt1459.8_Wm12.2_Wr308750.4.jpg
462,tg_Ng0_Pci38_H0_Wp0_Ph300_Ox30_Ow7_Hbt1459.8_Wm12.2_Wr308750.4.jpg
463,tg_Ng70_Pci0_H0_Wp0_Ph300_Ox21_Ow3_Hbt1459.8_Wm12.2_Wr308750.4.jpg
464,tg_Ng40_Pci160_H0_Wp0_Ph300_Ox27_Ow8_Hbt1459.8_Wm12.2_Wr308750.4.jpg
465,tg_Ng90_Pci0_H0_Wp0_Ph300_Ox21_Ow8.0_Hbt1410_Wm12.2_Wr308750.4.jpg
466,tg_Ng150_Pci0_H0_Wp0_Ph300_Ox30_Ow5_Hbt1459.8_Wm12.2_Wr308750.4.jpg
467,tg_Ng150_Pci0_H0_Wp0_Ph300_Ox30_Ow8.0_Hbt1485_Wm12.2_Wr308750.4.jpg
468,tg_Ng150_Pci0_H0_Wp0_Ph300_Ox30_Ow8.0_Hbt1410_Wm12.2_Wr308750.4.jpg
469,tg_Ng40_Pci160_H0_Wp0_Ph300_Ox27_Ow5_Hbt1459.8_Wm12.2_Wr308750.4.jpg
470,tg_Ng0_Pci70_H0_Wp0_Ph300_Ox24_Ow8_Hbt1459.8_Wm12.2_Wr308750.4.jpg
471,tg_Ng120_Pci0_H0_Wp0_Ph300_Ox30_Ow7_Hbt1459.8_Wm12.2_Wr308750.4.jpg
472,tg_Ng30_Pci120_H0_Wp0_Ph300_Ox25_Ow9_Hbt1459.8_Wm12.2_Wr308750.4.jpg
473,tg_Ng70_Pci0_H0_Wp0_Ph300_Ox27_Ow3_Hbt1459.8_Wm12.2_Wr308750.4.jpg
474,tg_Ng10_Pci40_H0_Wp0_Ph300_Ox21_Ow4_Hbt1459.8_Wm12.2_Wr308750.4.jpg
475,tg_Ng0_Pci175_H0_Wp0_Ph300_Ox30_Ow4_Hbt1459.8_Wm12.2_Wr308750.4.jpg
476,tg_Ng0_Pci150_H0_Wp0_Ph300_Ox27_Ow9_Hbt1459.8_Wm12.2_Wr308750.4.jpg
477,tg_Ng90_Pci0_H0_Wp0_Ph300_Ox21_Ow6.0_Hbt1410_Wm12.2_Wr308750.4.jpg
478,tg_Ng50_Pci200_H0_Wp0_Ph300_Ox30_Ow3_Hbt1459.8_Wm12.2_Wr308750.4.jpg
479,tg_Ng0_Pci175_H0_Wp0_Ph300_Ox24_Ow7_Hbt1459.8_Wm12.2_Wr308750.4.jpg
480,tg_Ng0_Pci70_H0_Wp0_Ph300_Ox30_Ow9_Hbt1459.8_Wm12.2_Wr308750.4.jpg
481,tg_Ng37.9_Pci0_H0_Wp0_Ph300_Ox24_Ow4_Hbt1459.8_Wm12.2_Wr308750.4.jpg
482,tg_Ng120_Pci0_H0_Wp0_Ph300_Ox27_Ow9.0_Hbt1410_Wm12.2_Wr308750.4.jpg
483,tg_Ng90_Pci0_H0_Wp0_Ph500_Ox30_Ow3.0_Hbt1459.8_Wm12.2_Wr308750.4.jpg
484,tg_Ng90_Pci0_H0_Wp0_Ph500_Ox24_Ow9.0_Hbt1459.8_Wm12.2_Wr308750.4.jpg
485,tg_Ng90_Pci0_H0_Wp0_Ph300_Ox24_Ow8.0_Hbt1485_Wm12.2_Wr308750.4.jpg
486,tg_Ng37.9_Pci0_H0_Wp0_Ph400_Ox30_Ow3.0_Hbt1459.8_Wm12.2_Wr308750.4.jpg
487,tg_Ng90_Pci0_H0_Wp0_Ph300_Ox27_Ow4.0_Hbt1410_Wm12.2_Wr308750.4.jpg
488,tg_Ng160_Pci40_H0_Wp0_Ph300_Ox27_Ow4_Hbt1459.8_Wm12.2_Wr308750.4.jpg
489,tg_Ng70_Pci0_H0_Wp0_Ph300_Ox27_Ow5.0_Hbt1410_Wm12.2_Wr308750.4.jpg
490,tg_Ng0_Pci124_H0_Wp0_Ph300_Ox30_Ow7_Hbt1459.8_Wm12.2_Wr308750.4.jpg
491,tg_Ng70_Pci0_H0_Wp0_Ph300_Ox24_Ow3_Hbt1459.8_Wm12.2_Wr308750.4.jpg
492,tg_Ng38_Pci0_H0_Wp0_Ph300_Ox24_Ow7.0_Hbt1410_Wm12.2_Wr308750.4.jpg
493,tg_Ng150_Pci0_H0_Wp0_Ph300_Ox24_Ow4_Hbt1459.8_Wm12.2_Wr308750.4.jpg
494,tg_Ng0_Pci124_H0_Wp0_Ph300_Ox21_Ow6_Hbt1459.8_Wm12.2_Wr308750.4.jpg
495,tg_Ng0_Pci200_H0_Wp0_Ph300_Ox30_Ow8_Hbt1459.8_Wm12.2_Wr308750.4.jpg
496,tg_Ng90_Pci0_H0_Wp0_Ph300_Ox24_Ow9_Hbt1459.8_Wm12.2_Wr308750.4.jpg
497,tg_Ng0_Pci150_H0_Wp0_Ph300_Ox27_Ow5_Hbt1459.8_Wm12.2_Wr308750.4.jpg
498,tg_Ng37.9_Pci0_H0_Wp0_Ph400_Ox30_Ow4.0_Hbt1459.8_Wm12.2_Wr308750.4.jpg
499,tg_Ng38_Pci0_H0_Wp0_Ph300_Ox27_Ow5.0_Hbt1485_Wm12.2_Wr308750.4.jpg
500,tg_Ng90_Pci60_H0_Wp0_Ph300_Ox25_Ow3_Hbt1459.8_Wm12.2_Wr308750.4.jpg
501,tg_Ng70_Pci0_H0_Wp0_Ph300_Ox27_Ow4.0_Hbt1485_Wm12.2_Wr308750.4.jpg
502,tg_Ng150_Pci0_H0_Wp0_Ph400_Ox24_Ow5.0_Hbt1459.8_Wm12.2_Wr308750.4.jpg
503,tg_Ng120_Pci0_H0_Wp0_Ph300_Ox30_Ow8.0_Hbt1485_Wm12.2_Wr308750.4.jpg
504,tg_Ng90_Pci0_H0_Wp0_Ph300_Ox21_Ow8.0_Hbt1485_Wm12.2_Wr308750.4.jpg
505,tg_Ng150_Pci0_H0_Wp0_Ph300_Ox24_Ow7.0_Hbt1410_Wm12.2_Wr308750.4.jpg
506,tg_Ng37.9_Pci0_H0_Wp0_Ph300_Ox21_Ow9_Hbt1459.8_Wm12.2_Wr308750.4.jpg
507,tg_Ng120_Pci0_H0_Wp0_Ph300_Ox24_Ow7.0_Hbt1485_Wm12.2_Wr308750.4.jpg
508,tg_Ng50_Pci200_H0_Wp0_Ph300_Ox30_Ow9_Hbt1459.8_Wm12.2_Wr308750.4.jpg
509,tg_Ng150_Pci0_H0_Wp0_Ph300_Ox27_Ow9.0_Hbt1485_Wm12.2_Wr308750.4.jpg
510,tg_Ng120_Pci80_H0_Wp0_Ph300_Ox27_Ow9_Hbt1459.8_Wm12.2_Wr308750.4.jpg
511,tg_Ng38_Pci0_H0_Wp0_Ph300_Ox27_Ow9.0_Hbt1410_Wm12.2_Wr308750.4.jpg
512,tg_Ng37.9_Pci0_H0_Wp0_Ph400_Ox24_Ow4.0_Hbt1459.8_Wm12.2_Wr308750.4.jpg
513,tg_Ng38_Pci0_H0_Wp0_Ph300_Ox27_Ow3.0_Hbt1485_Wm12.2_Wr308750.4.jpg
514,tg_Ng90_Pci60_H0_Wp0_Ph300_Ox25_Ow4_Hbt1459.8_Wm12.2_Wr308750.4.jpg
515,tg_Ng0_Pci175_H0_Wp0_Ph300_Ox21_Ow8_Hbt1459.8_Wm12.2_Wr308750.4.jpg
516,tg_Ng40_Pci10_H0_Wp0_Ph300_Ox21_Ow4_Hbt1459.8_Wm12.2_Wr308750.4.jpg
517,tg_Ng150_Pci0_H0_Wp0_Ph400_Ox24_Ow6.0_Hbt1459.8_Wm12.2_Wr308750.4.jpg
518,tg_Ng0_Pci70_H0_Wp0_Ph300_Ox21_Ow6_Hbt1459.8_Wm12.2_Wr308750.4.jpg
519,tg_Ng37.9_Pci0_H0_Wp0_Ph300_Ox24_Ow7_Hbt1459.8_Wm12.2_Wr308750.4.jpg
520,tg_Ng37.9_Pci0_H0_Wp0_Ph500_Ox30_Ow9.0_Hbt1459.8_Wm12.2_Wr308750.4.jpg
521,tg_Ng120_Pci0_H0_Wp0_Ph300_Ox24_Ow8_Hbt1459.8_Wm12.2_Wr308750.4.jpg
522,tg_Ng150_Pci0_H0_Wp0_Ph300_Ox21_Ow4_Hbt1459.8_Wm12.2_Wr308750.4.jpg
523,tg_Ng40_Pci60_H0_Wp0_Ph300_Ox23_Ow5_Hbt1459.8_Wm12.2_Wr308750.4.jpg
524,tg_Ng90_Pci0_H0_Wp0_Ph400_Ox24_Ow8.0_Hbt1459.8_Wm12.2_Wr308750.4.jpg
525,tg_Ng90_Pci0_H0_Wp0_Ph300_Ox21_Ow3.0_Hbt1410_Wm12.2_Wr308750.4.jpg
526,tg_Ng90_Pci0_H0_Wp0_Ph400_Ox24_Ow3.0_Hbt1459.8_Wm12.2_Wr308750.4.jpg
527,tg_Ng90_Pci0_H0_Wp0_Ph300_Ox30_Ow4.0_Hbt1485_Wm12.2_Wr308750.4.jpg
528,tg_Ng120_Pci80_H0_Wp0_Ph300_Ox27_Ow8_Hbt1459.8_Wm12.2_Wr308750.4.jpg
529,tg_Ng90_Pci0_H0_Wp0_Ph300_Ox30_Ow5.0_Hbt1410_Wm12.2_Wr308750.4.jpg
530,tg_Ng0_Pci200_H0_Wp0_Ph300_Ox27_Ow3_Hbt1459.8_Wm12.2_Wr308750.4.jpg
531,tg_Ng150_Pci0_H0_Wp0_Ph300_Ox27_Ow7_Hbt1459.8_Wm12.2_Wr308750.4.jpg
532,tg_Ng120_Pci0_H0_Wp0_Ph300_Ox27_Ow8_Hbt1459.8_Wm12.2_Wr308750.4.jpg
533,tg_Ng120_Pci0_H0_Wp0_Ph400_Ox30_Ow8.0_Hbt1459.8_Wm12.2_Wr308750.4.jpg
534,tg_Ng0_Pci200_H0_Wp0_Ph300_Ox21_Ow7_Hbt1459.8_Wm12.2_Wr308750.4.jpg
535,tg_Ng0_Pci124_H0_Wp0_Ph300_Ox21_Ow9_Hbt1459.8_Wm12.2_Wr308750.4.jpg
536,tg_Ng0_Pci124_H0_Wp0_Ph300_Ox27_Ow3_Hbt1459.8_Wm12.2_Wr308750.4.jpg
537,tg_Ng150_Pci0_H0_Wp0_Ph500_Ox24_Ow3.0_Hbt1459.8_Wm12.2_Wr308750.4.jpg
538,tg_Ng70_Pci0_H0_Wp0_Ph400_Ox30_Ow5.0_Hbt1459.8_Wm12.2_Wr308750.4.jpg
539,tg_Ng0_Pci200_H0_Wp0_Ph300_Ox27_Ow7_Hbt1459.8_Wm12.2_Wr308750.4.jpg
540,tg_Ng0_Pci90_H0_Wp0_Ph300_Ox27_Ow8_Hbt1459.8_Wm12.2_Wr308750.4.jpg
541,tg_Ng120_Pci0_H0_Wp0_Ph300_Ox30_Ow6_Hbt1459.8_Wm12.2_Wr308750.4.jpg
542,tg_Ng0_Pci175_H0_Wp0_Ph300_Ox30_Ow3_Hbt1459.8_Wm12.2_Wr308750.4.jpg
543,tg_Ng150_Pci0_H0_Wp0_Ph300_Ox24_Ow5_Hbt1459.8_Wm12.2_Wr308750.4.jpg
544,tg_Ng0_Pci200_H0_Wp0_Ph300_Ox27_Ow8_Hbt1459.8_Wm12.2_Wr308750.4.jpg
545,tg_Ng0_Pci90_H0_Wp0_Ph300_Ox27_Ow9_Hbt1459.8_Wm12.2_Wr308750.4.jpg
546,tg_Ng90_Pci0_H0_Wp0_Ph500_Ox24_Ow5.0_Hbt1459.8_Wm12.2_Wr308750.4.jpg
547,tg_Ng37.9_Pci0_H0_Wp0_Ph500_Ox27_Ow6_Hbt1459.8_Wm12.2_Wr308750.4.jpg
548,tg_Ng37.9_Pci0_H0_Wp0_Ph400_Ox21_Ow9_Hbt1459.8_Wm12.2_Wr308750.4.jpg
549,tg_Ng0_Pci70_H0_Wp0_Ph300_Ox27_Ow6_Hbt1459.8_Wm12.2_Wr308750.4.jpg
550,tg_Ng120_Pci0_H0_Wp0_Ph400_Ox30_Ow6.0_Hbt1459.8_Wm12.2_Wr308750.4.jpg
551,tg_Ng60_Pci40_H0_Wp0_Ph300_Ox23_Ow9_Hbt1459.8_Wm12.2_Wr308750.4.jpg
552,tg_Ng70_Pci0_H0_Wp0_Ph400_Ox30_Ow8.0_Hbt1459.8_Wm12.2_Wr308750.4.jpg
553,tg_Ng70_Pci0_H0_Wp0_Ph300_Ox24_Ow3.0_Hbt1485_Wm12.2_Wr308750.4.jpg
554,tg_Ng150_Pci0_H0_Wp0_Ph300_Ox24_Ow4.0_Hbt1410_Wm12.2_Wr308750.4.jpg
555,tg_Ng70_Pci0_H0_Wp0_Ph300_Ox27_Ow7.0_Hbt1410_Wm12.2_Wr308750.4.jpg
556,tg_Ng70_Pci0_H0_Wp0_Ph300_Ox24_Ow8.0_Hbt1410_Wm12.2_Wr308750.4.jpg
557,tg_Ng38_Pci0_H0_Wp0_Ph300_Ox21_Ow4.0_Hbt1485_Wm12.2_Wr308750.4.jpg
558,tg_Ng80_Pci120_H0_Wp0_Ph300_Ox27_Ow9_Hbt1459.8_Wm12.2_Wr308750.4.jpg
559,tg_Ng120_Pci0_H0_Wp0_Ph300_Ox21_Ow7_Hbt1459.8_Wm12.2_Wr308750.4.jpg
560,tg_Ng120_Pci30_H0_Wp0_Ph300_Ox25_Ow8_Hbt1459.8_Wm12.2_Wr308750.4.jpg
561,tg_Ng120_Pci0_H0_Wp0_Ph300_Ox24_Ow6.0_Hbt1485_Wm12.2_Wr308750.4.jpg
562,tg_Ng0_Pci200_H0_Wp0_Ph300_Ox27_Ow9_Hbt1459.8_Wm12.2_Wr308750.4.jpg
563,tg_Ng90_Pci0_H0_Wp0_Ph400_Ox21_Ow7_Hbt1459.8_Wm12.2_Wr308750.4.jpg
564,tg_Ng70_Pci0_H0_Wp0_Ph400_Ox24_Ow3.0_Hbt1459.8_Wm12.2_Wr308750.4.jpg
565,tg_Ng150_Pci0_H0_Wp0_Ph300_Ox30_Ow7.0_Hbt1485_Wm12.2_Wr308750.4.jpg
566,tg_Ng70_Pci0_H0_Wp0_Ph300_Ox21_Ow7.0_Hbt1410_Wm12.2_Wr308750.4.jpg
567,tg_Ng150_Pci0_H0_Wp0_Ph400_Ox30_Ow8.0_Hbt1459.8_Wm12.2_Wr308750.4.jpg
568,tg_Ng150_Pci0_H0_Wp0_Ph300_Ox24_Ow5.0_Hbt1485_Wm12.2_Wr308750.4.jpg
569,tg_Ng90_Pci0_H0_Wp0_Ph300_Ox24_Ow3.0_Hbt1410_Wm12.2_Wr308750.4.jpg
570,tg_Ng90_Pci0_H0_Wp0_Ph500_Ox24_Ow8.0_Hbt1459.8_Wm12.2_Wr308750.4.jpg
571,tg_Ng40_Pci10_H0_Wp0_Ph300_Ox21_Ow6_Hbt1459.8_Wm12.2_Wr308750.4.jpg
572,tg_Ng90_Pci0_H0_Wp0_Ph300_Ox24_Ow8_Hbt1459.8_Wm12.2_Wr308750.4.jpg
573,tg_Ng0_Pci175_H0_Wp0_Ph300_Ox30_Ow7_Hbt1459.8_Wm12.2_Wr308750.4.jpg
574,tg_Ng90_Pci0_H0_Wp0_Ph300_Ox24_Ow6_Hbt1459.8_Wm12.2_Wr308750.4.jpg
575,tg_Ng0_Pci175_H0_Wp0_Ph300_Ox24_Ow3_Hbt1459.8_Wm12.2_Wr308750.4.jpg
576,tg_Ng0_Pci124_H0_Wp0_Ph300_Ox27_Ow7_Hbt1459.8_Wm12.2_Wr308750.4.jpg
577,tg_Ng70_Pci0_H0_Wp0_Ph300_Ox21_Ow6.0_Hbt1485_Wm12.2_Wr308750.4.jpg
578,tg_Ng37.9_Pci0_H0_Wp0_Ph400_Ox27_Ow6_Hbt1459.8_Wm12.2_Wr308750.4.jpg
579,tg_Ng150_Pci0_H0_Wp0_Ph300_Ox24_Ow8_Hbt1459.8_Wm12.2_Wr308750.4.jpg
580,tg_Ng90_Pci0_H0_Wp0_Ph300_Ox21_Ow3.0_Hbt1485_Wm12.2_Wr308750.4.jpg
581,tg_Ng50_Pci200_H0_Wp0_Ph300_Ox30_Ow8_Hbt1459.8_Wm12.2_Wr308750.4.jpg
582,tg_Ng37.9_Pci0_H0_Wp0_Ph500_Ox21_Ow3_Hbt1459.8_Wm12.2_Wr308750.4.jpg
583,tg_Ng38_Pci0_H0_Wp0_Ph300_Ox21_Ow3.0_Hbt1485_Wm12.2_Wr308750.4.jpg
584,tg_Ng70_Pci0_H0_Wp0_Ph300_Ox27_Ow8.0_Hbt1410_Wm12.2_Wr308750.4.jpg
585,tg_Ng37.9_Pci0_H0_Wp0_Ph300_Ox24_Ow5_Hbt1459.8_Wm12.2_Wr308750.4.jpg
586,tg_Ng120_Pci0_H0_Wp0_Ph300_Ox30_Ow8_Hbt1459.8_Wm12.2_Wr308750.4.jpg
587,tg_Ng38_Pci0_H0_Wp0_Ph300_Ox24_Ow8.0_Hbt1410_Wm12.2_Wr308750.4.jpg
588,tg_Ng37.9_Pci0_H0_Wp0_Ph300_Ox27_Ow8_Hbt1459.8_Wm12.2_Wr308750.4.jpg
589,tg_Ng0_Pci70_H0_Wp0_Ph300_Ox30_Ow8_Hbt1459.8_Wm12.2_Wr308750.4.jpg
590,tg_Ng40_Pci10_H0_Wp0_Ph300_Ox21_Ow5_Hbt1459.8_Wm12.2_Wr308750.4.jpg
591,tg_Ng70_Pci0_H0_Wp0_Ph500_Ox30_Ow3.0_Hbt1459.8_Wm12.2_Wr308750.4.jpg
592,tg_Ng70_Pci0_H0_Wp0_Ph300_Ox24_Ow7.0_Hbt1410_Wm12.2_Wr308750.4.jpg
593,tg_Ng0_Pci124_H0_Wp0_Ph300_Ox30_Ow3_Hbt1459.8_Wm12.2_Wr308750.4.jpg
594,tg_Ng0_Pci124_H0_Wp0_Ph300_Ox24_Ow6_Hbt1459.8_Wm12.2_Wr308750.4.jpg
595,tg_Ng120_Pci0_H0_Wp0_Ph500_Ox24_Ow4.0_Hbt1459.8_Wm12.2_Wr308750.4.jpg
596,tg_Ng150_Pci0_H0_Wp0_Ph300_Ox27_Ow3.0_Hbt1410_Wm12.2_Wr308750.4.jpg
597,tg_Ng70_Pci0_H0_Wp0_Ph300_Ox21_Ow6_Hbt1459.8_Wm12.2_Wr308750.4.jpg
598,tg_Ng150_Pci100_H0_Wp0_Ph300_Ox30_Ow9_Hbt1459.8_Wm12.2_Wr308750.4.jpg
599,tg_Ng90_Pci0_H0_Wp0_Ph300_Ox24_Ow7.0_Hbt1485_Wm12.2_Wr308750.4.jpg
600,tg_Ng38_Pci0_H0_Wp0_Ph300_Ox24_Ow8.0_Hbt1485_Wm12.2_Wr308750.4.jpg
601,tg_Ng37.9_Pci0_H0_Wp0_Ph300_Ox24_Ow6_Hbt1459.8_Wm12.2_Wr308750.4.jpg
602,tg_Ng0_Pci90_H0_Wp0_Ph300_Ox21_Ow8_Hbt1459.8_Wm12.2_Wr308750.4.jpg
603,tg_Ng60_Pci90_H0_Wp0_Ph300_Ox25_Ow4_Hbt1459.8_Wm12.2_Wr308750.4.jpg
604,tg_Ng120_Pci0_H0_Wp0_Ph300_Ox27_Ow9.0_Hbt1485_Wm12.2_Wr308750.4.jpg
605,tg_Ng150_Pci0_H0_Wp0_Ph500_Ox30_Ow4.0_Hbt1459.8_Wm12.2_Wr308750.4.jpg
606,tg_Ng0_Pci175_H0_Wp0_Ph300_Ox21_Ow5_Hbt1459.8_Wm12.2_Wr308750.4.jpg
607,tg_Ng100_Pci150_H0_Wp0_Ph300_Ox30_Ow9_Hbt1459.8_Wm12.2_Wr308750.4.jpg
608,tg_Ng150_Pci0_H0_Wp0_Ph300_Ox27_Ow9.0_Hbt1410_Wm12.2_Wr308750.4.jpg
609,tg_Ng0_Pci38_H0_Wp0_Ph300_Ox30_Ow8_Hbt1459.8_Wm12.2_Wr308750.4.jpg
610,tg_Ng70_Pci0_H0_Wp0_Ph300_Ox24_Ow5_Hbt1459.8_Wm12.2_Wr308750.4.jpg
611,tg_Ng0_Pci70_H0_Wp0_Ph300_Ox21_Ow3_Hbt1459.8_Wm12.2_Wr308750.4.jpg
612,tg_Ng0_Pci200_H0_Wp0_Ph300_Ox24_Ow7_Hbt1459.8_Wm12.2_Wr308750.4.jpg
613,tg_Ng0_Pci200_H0_Wp0_Ph300_Ox21_Ow6_Hbt1459.8_Wm12.2_Wr308750.4.jpg
614,tg_Ng0_Pci70_H0_Wp0_Ph300_Ox27_Ow3_Hbt1459.8_Wm12.2_Wr308750.4.jpg
615,tg_Ng120_Pci0_H0_Wp0_Ph300_Ox21_Ow6_Hbt1459.8_Wm12.2_Wr308750.4.jpg
616,tg_Ng40_Pci160_H0_Wp0_Ph300_Ox27_Ow9_Hbt1459.8_Wm12.2_Wr308750.4.jpg
617,tg_Ng90_Pci0_H0_Wp0_Ph300_Ox27_Ow3_Hbt1459.8_Wm12.2_Wr308750.4.jpg
618,tg_Ng90_Pci0_H0_Wp0_Ph300_Ox24_Ow4.0_Hbt1410_Wm12.2_Wr308750.4.jpg
619,tg_Ng70_Pci0_H0_Wp0_Ph300_Ox21_Ow4_Hbt1459.8_Wm12.2_Wr308750.4.jpg
620,tg_Ng0_Pci200_H0_Wp0_Ph300_Ox30_Ow5_Hbt1459.8_Wm12.2_Wr308750.4.jpg
621,tg_Ng120_Pci0_H0_Wp0_Ph500_Ox30_Ow4.0_Hbt1459.8_Wm12.2_Wr308750.4.jpg
622,tg_Ng0_Pci124_H0_Wp0_Ph300_Ox27_Ow6_Hbt1459.8_Wm12.2_Wr308750.4.jpg
623,tg_Ng0_Pci150_H0_Wp0_Ph300_Ox30_Ow6_Hbt1459.8_Wm12.2_Wr308750.4.jpg
624,tg_Ng90_Pci0_H0_Wp0_Ph300_Ox27_Ow8.0_Hbt1410_Wm12.2_Wr308750.4.jpg
625,tg_Ng70_Pci0_H0_Wp0_Ph300_Ox27_Ow4_Hbt1459.8_Wm12.2_Wr308750.4.jpg
626,tg_Ng0_Pci124_H0_Wp0_Ph300_Ox24_Ow7_Hbt1459.8_Wm12.2_Wr308750.4.jpg
627,tg_Ng0_Pci70_H0_Wp0_Ph300_Ox24_Ow6_Hbt1459.8_Wm12.2_Wr308750.4.jpg
628,tg_Ng150_Pci0_H0_Wp0_Ph300_Ox24_Ow3_Hbt1459.8_Wm12.2_Wr308750.4.jpg
629,tg_Ng150_Pci0_H0_Wp0_Ph300_Ox24_Ow6.0_Hbt1410_Wm12.2_Wr308750.4.jpg
630,tg_Ng120_Pci0_H0_Wp0_Ph300_Ox24_Ow8.0_Hbt1485_Wm12.2_Wr308750.4.jpg
631,tg_Ng70_Pci0_H0_Wp0_Ph300_Ox30_Ow6_Hbt1459.8_Wm12.2_Wr308750.4.jpg
632,tg_Ng37.9_Pci0_H0_Wp0_Ph400_Ox30_Ow5.0_Hbt1459.8_Wm12.2_Wr308750.4.jpg
633,tg_Ng60_Pci90_H0_Wp0_Ph300_Ox25_Ow5_Hbt1459.8_Wm12.2_Wr308750.4.jpg
634,tg_Ng38_Pci0_H0_Wp0_Ph300_Ox24_Ow6.0_Hbt1410_Wm12.2_Wr308750.4.jpg
635,tg_Ng90_Pci0_H0_Wp0_Ph300_Ox21_Ow9_Hbt1459.8_Wm12.2_Wr308750.4.jpg
636,tg_Ng150_Pci0_H0_Wp0_Ph300_Ox21_Ow6_Hbt1459.8_Wm12.2_Wr308750.4.jpg
637,tg_Ng70_Pci0_H0_Wp0_Ph500_Ox24_Ow4.0_Hbt1459.8_Wm12.2_Wr308750.4.jpg
638,tg_Ng120_Pci0_H0_Wp0_Ph300_Ox30_Ow3.0_Hbt1410_Wm12.2_Wr308750.4.jpg
639,tg_Ng90_Pci0_H0_Wp0_Ph300_Ox21_Ow9.0_Hbt1485_Wm12.2_Wr308750.4.jpg
640,tg_Ng120_Pci0_H0_Wp0_Ph400_Ox24_Ow6.0_Hbt1459.8_Wm12.2_Wr308750.4.jpg
641,tg_Ng0_Pci175_H0_Wp0_Ph300_Ox27_Ow9_Hbt1459.8_Wm12.2_Wr308750.4.jpg
642,tg_Ng0_Pci38_H0_Wp0_Ph300_Ox30_Ow5_Hbt1459.8_Wm12.2_Wr308750.4.jpg
643,tg_Ng150_Pci100_H0_Wp0_Ph300_Ox30_Ow6_Hbt1459.8_Wm12.2_Wr308750.4.jpg
644,tg_Ng30_Pci120_H0_Wp0_Ph300_Ox25_Ow3_Hbt1459.8_Wm12.2_Wr308750.4.jpg
645,tg_Ng90_Pci0_H0_Wp0_Ph300_Ox21_Ow4.0_Hbt1410_Wm12.2_Wr308750.4.jpg
646,tg_Ng150_Pci0_H0_Wp0_Ph300_Ox24_Ow8.0_Hbt1410_Wm12.2_Wr308750.4.jpg
647,tg_Ng120_Pci0_H0_Wp0_Ph400_Ox30_Ow4.0_Hbt1459.8_Wm12.2_Wr308750.4.jpg
648,tg_Ng90_Pci0_H0_Wp0_Ph300_Ox27_Ow6_Hbt1459.8_Wm12.2_Wr308750.4.jpg
649,tg_Ng0_Pci124_H0_Wp0_Ph300_Ox21_Ow4_Hbt1459.8_Wm12.2_Wr308750.4.jpg
650,tg_Ng90_Pci0_H0_Wp0_Ph300_Ox21_Ow5.0_Hbt1485_Wm12.2_Wr308750.4.jpg
651,tg_Ng0_Pci150_H0_Wp0_Ph300_Ox24_Ow9_Hbt1459.8_Wm12.2_Wr308750.4.jpg
652,tg_Ng120_Pci0_H0_Wp0_Ph300_Ox24_Ow5_Hbt1459.8_Wm12.2_Wr308750.4.jpg
653,tg_Ng70_Pci0_H0_Wp0_Ph300_Ox24_Ow4_Hbt1459.8_Wm12.2_Wr308750.4.jpg
654,tg_Ng70_Pci0_H0_Wp0_Ph300_Ox21_Ow8.0_Hbt1410_Wm12.2_Wr308750.4.jpg
655,tg_Ng90_Pci0_H0_Wp0_Ph400_Ox30_Ow9.0_Hbt1459.8_Wm12.2_Wr308750.4.jpg
656,tg_Ng90_Pci0_H0_Wp0_Ph300_Ox27_Ow8_Hbt1459.8_Wm12.2_Wr308750.4.jpg
657,tg_Ng40_Pci10_H0_Wp0_Ph300_Ox21_Ow3_Hbt1459.8_Wm12.2_Wr308750.4.jpg
658,tg_Ng70_Pci0_H0_Wp0_Ph300_Ox30_Ow5_Hbt1459.8_Wm12.2_Wr308750.4.jpg
659,tg_Ng150_Pci0_H0_Wp0_Ph300_Ox30_Ow5.0_Hbt1410_Wm12.2_Wr308750.4.jpg
660,tg_Ng120_Pci0_H0_Wp0_Ph400_Ox30_Ow5.0_Hbt1459.8_Wm12.2_Wr308750.4.jpg
661,tg_Ng90_Pci0_H0_Wp0_Ph300_Ox27_Ow3.0_Hbt1485_Wm12.2_Wr308750.4.jpg
662,tg_Ng120_Pci0_H0_Wp0_Ph300_Ox30_Ow3_Hbt1459.8_Wm12.2_Wr308750.4.jpg
663,tg_Ng37.9_Pci0_H0_Wp0_Ph500_Ox27_Ow5_Hbt1459.8_Wm12.2_Wr308750.4.jpg
664,tg_Ng20_Pci30_H0_Wp0_Ph300_Ox21_Ow6_Hbt1459.8_Wm12.2_Wr308750.4.jpg
665,tg_Ng38_Pci0_H0_Wp0_Ph300_Ox27_Ow4.0_Hbt1410_Wm12.2_Wr308750.4.jpg
666,tg_Ng100_Pci150_H0_Wp0_Ph300_Ox30_Ow8_Hbt1459.8_Wm12.2_Wr308750.4.jpg
667,tg_Ng120_Pci0_H0_Wp0_Ph300_Ox30_Ow5.0_Hbt1485_Wm12.2_Wr308750.4.jpg
